defect_id,department,system_source,station_code,station_name,chainage_km,asset_id,asset_type,defect_category,defect_description,asset_age_years,overdue_days,operating_cycles_thousands,estimated_repair_hours,safety_risk_score,target_mpi_score,urgency_level
SMMS-DEF-0001,S_AND_T,SMMS,STM,St. Thomas Mount,16.9,SIG-STM-77,POWER_SUPPLY,SIGNAL_BATTERY_WATERING,Maintenance of 110V battery bank & electrolyte specific gravity check,7.7,0,301.3,1.5,3,28.1,ROUTINE_CYCLE
SMMS-DEF-0002,S_AND_T,SMMS,MS,Chennai Egmore,4.32,POINT-12,POINT_MACHINE,POINT_MACHINE_MOTOR_SLUGGISH,Point machine operation time sluggish (>4.5s vs 3.5s limit),11.1,7,212.7,2.0,9,60.7,CRITICAL_EMERGENCY
SMMS-DEF-0003,S_AND_T,SMMS,STM,St. Thomas Mount,17.12,POINT-82,POINT_MACHINE,POINT_GROUND_CONNECTION_WEAR,Lock rod slack and stretcher bar clearance out of gauge,8.7,7,246.0,2.5,8,56.4,HIGH_PRIORITY
SMMS-DEF-0004,S_AND_T,SMMS,UPM,Urapakkam,37.9,SIG-UPM-75,ELECTRONIC_INTERLOCKING,ELECTRONIC_INTERLOCKING_CARD,Hot standby CPU card transient communication packet loss,5.3,10,137.3,1.5,8,52.0,MEDIUM_PLANNED
SMMS-DEF-0005,S_AND_T,SMMS,GDY,Guindy,15.01,POINT-35,POINT_MACHINE,POINT_MACHINE_MOTOR_SLUGGISH,Point machine operation time sluggish (>4.5s vs 3.5s limit),14.1,12,17.1,2.0,8,51.1,MEDIUM_PLANNED
SMMS-DEF-0006,S_AND_T,SMMS,NBK,Nungambakkam,8.15,POINT-41,POINT_MACHINE,POINT_GROUND_CONNECTION_WEAR,Lock rod slack and stretcher bar clearance out of gauge,4.9,37,235.5,2.5,9,83.3,CRITICAL_EMERGENCY
SMMS-DEF-0007,S_AND_T,SMMS,STM,St. Thomas Mount,17.12,POINT-82,POINT_MACHINE,POINT_GROUND_CONNECTION_WEAR,Lock rod slack and stretcher bar clearance out of gauge,1.4,7,51.1,2.5,9,48.7,CRITICAL_EMERGENCY
SMMS-DEF-0008,S_AND_T,SMMS,NBK,Nungambakkam,8.15,POINT-41,POINT_MACHINE,POINT_GROUND_CONNECTION_WEAR,Lock rod slack and stretcher bar clearance out of gauge,9.8,3,301.9,2.5,9,61.4,CRITICAL_EMERGENCY
SMMS-DEF-0009,S_AND_T,SMMS,MBM,Mambalam,11.75,SIG-MBM-29,POINT_MACHINE,ROUTINE_POINT_CLEANING_GREASING,"Bi-weekly point cleaning, graphite greasing and switch chair plate check",7.1,15,316.6,1.0,2,35.7,MEDIUM_PLANNED
SMMS-DEF-0010,S_AND_T,SMMS,TBM,Tambaram,29.55,SIG-TBM-95,POWER_SUPPLY,SIGNAL_BATTERY_WATERING,Maintenance of 110V battery bank & electrolyte specific gravity check,12.5,3,247.4,1.5,2,24.8,ROUTINE_CYCLE
SMMS-DEF-0011,S_AND_T,SMMS,TBMS,Tambaram Sanatorium,27.56,SIG-TBMS-82,POINT_MACHINE,POINT_GROUND_CONNECTION_WEAR,Lock rod slack and stretcher bar clearance out of gauge,2.1,5,267.8,2.5,10,63.2,CRITICAL_EMERGENCY
SMMS-DEF-0012,S_AND_T,SMMS,GDY,Guindy,15.01,POINT-35,POINT_MACHINE,POINT_MACHINE_MOTOR_SLUGGISH,Point machine operation time sluggish (>4.5s vs 3.5s limit),12.9,0,149.8,2.0,9,52.7,CRITICAL_EMERGENCY
SMMS-DEF-0013,S_AND_T,SMMS,MMNK,Maraimalai Nagar,46.96,POINT-142,POINT_MACHINE,POINT_MACHINE_MOTOR_SLUGGISH,Point machine operation time sluggish (>4.5s vs 3.5s limit),7.9,0,261.7,2.0,8,51.2,MEDIUM_PLANNED
SMMS-DEF-0014,S_AND_T,SMMS,CGL,Chengalpattu Junction,59.84,POINT-175,POINT_MACHINE,POINT_MACHINE_MOTOR_SLUGGISH,Point machine operation time sluggish (>4.5s vs 3.5s limit),1.3,32,156.0,2.0,9,73.9,CRITICAL_EMERGENCY
SMMS-DEF-0015,S_AND_T,SMMS,MN,Meenambakkam,19.79,SIG-MN-37,POINT_MACHINE,POINT_MACHINE_MOTOR_SLUGGISH,Point machine operation time sluggish (>4.5s vs 3.5s limit),8.9,18,28.8,2.0,8,54.4,MEDIUM_PLANNED
SMMS-DEF-0016,S_AND_T,SMMS,TBM,Tambaram,29.63,SIG-TBM-70,POINT_MACHINE,POINT_GROUND_CONNECTION_WEAR,Lock rod slack and stretcher bar clearance out of gauge,1.0,11,139.7,2.5,8,51.2,MEDIUM_PLANNED
SMMS-DEF-0017,S_AND_T,SMMS,MMNK,Maraimalai Nagar,47.11,SIG-MMNK-57,ELECTRONIC_INTERLOCKING,ELECTRONIC_INTERLOCKING_CARD,Hot standby CPU card transient communication packet loss,14.9,5,131.7,1.5,9,56.5,CRITICAL_EMERGENCY
SMMS-DEF-0018,S_AND_T,SMMS,GI,Guduvancheri,40.87,SIG-GI-27,POWER_SUPPLY,SIGNAL_BATTERY_WATERING,Maintenance of 110V battery bank & electrolyte specific gravity check,10.0,1,121.1,1.5,2,15.9,ROUTINE_CYCLE
SMMS-DEF-0019,S_AND_T,SMMS,MN,Meenambakkam,20.07,SIG-MN-10,DIGITAL_AXLE_COUNTER,AXLE_COUNTER_DRIFT,High-frequency wheel sensor signal amplitude drift on rail foot,11.5,1,313.4,1.5,8,56.1,HIGH_PRIORITY
SMMS-DEF-0020,S_AND_T,SMMS,TBM,Tambaram,29.06,SIG-TBM-39,ELECTRONIC_INTERLOCKING,ELECTRONIC_INTERLOCKING_CARD,Hot standby CPU card transient communication packet loss,4.1,2,120.6,1.5,9,49.3,CRITICAL_EMERGENCY
SMMS-DEF-0021,S_AND_T,SMMS,MS,Chennai Egmore,4.32,POINT-12,POINT_MACHINE,POINT_MACHINE_MOTOR_SLUGGISH,Point machine operation time sluggish (>4.5s vs 3.5s limit),10.1,7,202.6,2.0,7,49.8,MEDIUM_PLANNED
SMMS-DEF-0022,S_AND_T,SMMS,MS,Chennai Egmore,4.32,POINT-12,POINT_MACHINE,POINT_MACHINE_MOTOR_SLUGGISH,Point machine operation time sluggish (>4.5s vs 3.5s limit),1.0,12,197.3,2.0,9,59.9,CRITICAL_EMERGENCY
SMMS-DEF-0023,S_AND_T,SMMS,MBM,Mambalam,11.53,SIG-MBM-66,ELECTRONIC_INTERLOCKING,ELECTRONIC_INTERLOCKING_CARD,Hot standby CPU card transient communication packet loss,3.9,10,81.3,1.5,8,48.6,MEDIUM_PLANNED
SMMS-DEF-0024,S_AND_T,SMMS,NBK,Nungambakkam,8.15,POINT-41,POINT_MACHINE,POINT_MACHINE_MOTOR_SLUGGISH,Point machine operation time sluggish (>4.5s vs 3.5s limit),13.8,3,190.7,2.0,9,57.5,CRITICAL_EMERGENCY
SMMS-DEF-0025,S_AND_T,SMMS,GI,Guduvancheri,40.73,SIG-GI-48,DIGITAL_AXLE_COUNTER,AXLE_COUNTER_DRIFT,High-frequency wheel sensor signal amplitude drift on rail foot,13.2,30,315.6,1.5,10,90.1,CRITICAL_EMERGENCY
SMMS-DEF-0026,S_AND_T,SMMS,NBK,Nungambakkam,8.15,POINT-41,POINT_MACHINE,POINT_MACHINE_MOTOR_SLUGGISH,Point machine operation time sluggish (>4.5s vs 3.5s limit),8.6,13,195.5,2.0,9,63.6,CRITICAL_EMERGENCY
SMMS-DEF-0027,S_AND_T,SMMS,UPM,Urapakkam,37.68,SIG-UPM-73,POWER_SUPPLY,SIGNAL_BATTERY_WATERING,Maintenance of 110V battery bank & electrolyte specific gravity check,1.2,8,120.0,1.5,3,22.9,ROUTINE_CYCLE
SMMS-DEF-0028,S_AND_T,SMMS,STM,St. Thomas Mount,17.32,SIG-STM-29,ELECTRONIC_INTERLOCKING,ELECTRONIC_INTERLOCKING_CARD,Hot standby CPU card transient communication packet loss,4.8,9,71.1,1.5,10,57.7,CRITICAL_EMERGENCY
SMMS-DEF-0029,S_AND_T,SMMS,MBM,Mambalam,11.09,SIG-MBM-69,ABS_SIGNAL_POST,SIGNAL_ASPECT_LED_DEGRADATION,Main aspect LED unit luminous intensity below safety threshold,13.8,5,186.5,1.0,6,43.8,MEDIUM_PLANNED
SMMS-DEF-0030,S_AND_T,SMMS,MSC,Chetpet,6.45,SIG-MSC-36,TRACK_CIRCUIT,TRACK_CIRCUIT_INSULATION_FAIL,G3(L) nylon insulated rail joint resistance dropped <100 ohms,5.3,2,39.1,2.0,7,35.7,MEDIUM_PLANNED
SMMS-DEF-0031,S_AND_T,SMMS,MPK,Chennai Park,3.11,SIG-MPK-16,DIGITAL_AXLE_COUNTER,AXLE_COUNTER_DRIFT,High-frequency wheel sensor signal amplitude drift on rail foot,4.4,4,220.5,1.5,9,56.0,CRITICAL_EMERGENCY
SMMS-DEF-0032,S_AND_T,SMMS,MS,Chennai Egmore,4.32,POINT-12,POINT_MACHINE,POINT_MACHINE_MOTOR_SLUGGISH,Point machine operation time sluggish (>4.5s vs 3.5s limit),11.5,14,235.9,2.0,9,67.6,CRITICAL_EMERGENCY
SMMS-DEF-0033,S_AND_T,SMMS,SP,Saidapet,12.9,POINT-63,POINT_MACHINE,POINT_GROUND_CONNECTION_WEAR,Lock rod slack and stretcher bar clearance out of gauge,5.3,0,306.9,2.5,8,52.5,MEDIUM_PLANNED
SMMS-DEF-0034,S_AND_T,SMMS,SP,Saidapet,12.9,POINT-63,POINT_MACHINE,POINT_GROUND_CONNECTION_WEAR,Lock rod slack and stretcher bar clearance out of gauge,2.2,1,319.9,2.5,9,57.7,CRITICAL_EMERGENCY
SMMS-DEF-0035,S_AND_T,SMMS,POTI,Potheri,44.04,SIG-POTI-60,DIGITAL_AXLE_COUNTER,AXLE_COUNTER_DRIFT,High-frequency wheel sensor signal amplitude drift on rail foot,13.8,0,183.4,1.5,8,49.7,MEDIUM_PLANNED
SMMS-DEF-0036,S_AND_T,SMMS,TBM,Tambaram,29.29,SIG-TBM-43,TRACK_CIRCUIT,TRACK_CIRCUIT_INSULATION_FAIL,G3(L) nylon insulated rail joint resistance dropped <100 ohms,5.7,0,284.3,2.0,7,46.5,MEDIUM_PLANNED
SMMS-DEF-0037,S_AND_T,SMMS,MMNK,Maraimalai Nagar,46.96,POINT-142,POINT_MACHINE,POINT_GROUND_CONNECTION_WEAR,Lock rod slack and stretcher bar clearance out of gauge,5.1,19,77.0,2.5,9,61.1,CRITICAL_EMERGENCY
SMMS-DEF-0038,S_AND_T,SMMS,PRGL,Perungalathur,33.0,SIG-PRGL-12,ABS_SIGNAL_POST,SIGNAL_ASPECT_LED_DEGRADATION,Main aspect LED unit luminous intensity below safety threshold,4.3,12,300.1,1.0,7,56.3,HIGH_PRIORITY
SMMS-DEF-0039,S_AND_T,SMMS,GDY,Guindy,14.66,SIG-GDY-39,SIGNALLING_CABLE,CABLE_INSULATION_DROP,Underground signaling multicore cable megger value below 1 MOhm/km,6.0,6,269.2,3.0,6,45.7,MEDIUM_PLANNED
SMMS-DEF-0040,S_AND_T,SMMS,GI,Guduvancheri,40.25,SIG-GI-92,POINT_MACHINE,ROUTINE_POINT_CLEANING_GREASING,"Bi-weekly point cleaning, graphite greasing and switch chair plate check",11.2,1,155.6,1.0,3,23.1,ROUTINE_CYCLE
SMMS-DEF-0041,S_AND_T,SMMS,NBK,Nungambakkam,7.79,SIG-NBK-72,POWER_SUPPLY,SIGNAL_BATTERY_WATERING,Maintenance of 110V battery bank & electrolyte specific gravity check,3.2,6,286.3,1.5,2,25.4,ROUTINE_CYCLE
SMMS-DEF-0042,S_AND_T,SMMS,MPK,Chennai Park,3.52,SIG-MPK-10,POINT_MACHINE,POINT_MACHINE_MOTOR_SLUGGISH,Point machine operation time sluggish (>4.5s vs 3.5s limit),6.5,6,272.0,2.0,7,51.0,MEDIUM_PLANNED
SMMS-DEF-0043,S_AND_T,SMMS,GDY,Guindy,15.01,POINT-35,POINT_MACHINE,POINT_MACHINE_MOTOR_SLUGGISH,Point machine operation time sluggish (>4.5s vs 3.5s limit),7.8,1,128.8,2.0,9,50.4,CRITICAL_EMERGENCY
SMMS-DEF-0044,S_AND_T,SMMS,VDR,Vandalur,34.85,SIG-VDR-12,POINT_MACHINE,ROUTINE_POINT_CLEANING_GREASING,"Bi-weekly point cleaning, graphite greasing and switch chair plate check",0.6,5,183.3,1.0,1,13.4,ROUTINE_CYCLE
SMMS-DEF-0045,S_AND_T,SMMS,NBK,Nungambakkam,8.15,POINT-41,POINT_MACHINE,POINT_GROUND_CONNECTION_WEAR,Lock rod slack and stretcher bar clearance out of gauge,4.7,5,168.2,2.5,10,59.3,CRITICAL_EMERGENCY
SMMS-DEF-0046,S_AND_T,SMMS,CGL,Chengalpattu Junction,59.7,SIG-CGL-23,ABS_SIGNAL_POST,SIGNAL_ASPECT_LED_DEGRADATION,Main aspect LED unit luminous intensity below safety threshold,13.8,9,174.9,1.0,5,41.5,MEDIUM_PLANNED
SMMS-DEF-0047,S_AND_T,SMMS,NBK,Nungambakkam,8.15,POINT-41,POINT_MACHINE,POINT_GROUND_CONNECTION_WEAR,Lock rod slack and stretcher bar clearance out of gauge,4.4,10,136.1,2.5,9,56.6,CRITICAL_EMERGENCY
SMMS-DEF-0048,S_AND_T,SMMS,PV,Pallavaram,23.22,SIG-PV-48,DIGITAL_AXLE_COUNTER,AXLE_COUNTER_DRIFT,High-frequency wheel sensor signal amplitude drift on rail foot,10.4,0,273.6,1.5,9,57.8,CRITICAL_EMERGENCY
SMMS-DEF-0049,S_AND_T,SMMS,UPM,Urapakkam,37.76,SIG-UPM-61,POINT_MACHINE,POINT_GROUND_CONNECTION_WEAR,Lock rod slack and stretcher bar clearance out of gauge,6.0,4,183.6,2.5,8,49.8,MEDIUM_PLANNED
SMMS-DEF-0050,S_AND_T,SMMS,POTI,Potheri,43.61,SIG-POTI-65,POINT_MACHINE,ROUTINE_POINT_CLEANING_GREASING,"Bi-weekly point cleaning, graphite greasing and switch chair plate check",9.9,9,116.0,1.0,1,17.0,ROUTINE_CYCLE
SMMS-DEF-0051,S_AND_T,SMMS,MSF,Chennai Fort,1.53,SIG-MSF-70,ABS_SIGNAL_POST,LED_UNIT_ROUTINE_INSPECTION,Quarterly photometric Lux measurement and aspect lens cleaning,4.4,6,296.9,1.0,3,31.4,ROUTINE_CYCLE
SMMS-DEF-0052,S_AND_T,SMMS,TBM,Tambaram,29.2,SIG-TBM-32,POINT_MACHINE,POINT_MACHINE_MOTOR_SLUGGISH,Point machine operation time sluggish (>4.5s vs 3.5s limit),14.0,19,110.9,2.0,7,56.3,HIGH_PRIORITY
SMMS-DEF-0053,S_AND_T,SMMS,SKL,Singaperumal Koil,51.8,SIG-SKL-19,ELECTRONIC_INTERLOCKING,ELECTRONIC_INTERLOCKING_CARD,Hot standby CPU card transient communication packet loss,4.8,10,187.0,1.5,10,64.3,CRITICAL_EMERGENCY
SMMS-DEF-0054,S_AND_T,SMMS,MN,Meenambakkam,20.22,SIG-MN-52,POWER_SUPPLY,SIGNAL_BATTERY_WATERING,Maintenance of 110V battery bank & electrolyte specific gravity check,6.1,1,240.6,1.5,2,20.3,ROUTINE_CYCLE
SMMS-DEF-0055,S_AND_T,SMMS,PZA,Pazhavanthangal,18.3,SIG-PZA-39,ELECTRONIC_INTERLOCKING,ELECTRONIC_INTERLOCKING_CARD,Hot standby CPU card transient communication packet loss,12.7,0,118.9,1.5,10,56.0,CRITICAL_EMERGENCY
SMMS-DEF-0056,S_AND_T,SMMS,MN,Meenambakkam,20.51,SIG-MN-13,SIGNALLING_CABLE,CABLE_INSULATION_DROP,Underground signaling multicore cable megger value below 1 MOhm/km,9.7,10,254.0,3.0,6,49.6,MEDIUM_PLANNED
SMMS-DEF-0057,S_AND_T,SMMS,PZA,Pazhavanthangal,18.8,SIG-PZA-65,ELECTRONIC_INTERLOCKING,ELECTRONIC_INTERLOCKING_CARD,Hot standby CPU card transient communication packet loss,3.2,0,193.7,1.5,9,51.0,CRITICAL_EMERGENCY
SMMS-DEF-0058,S_AND_T,SMMS,NBK,Nungambakkam,8.15,POINT-41,POINT_MACHINE,POINT_GROUND_CONNECTION_WEAR,Lock rod slack and stretcher bar clearance out of gauge,10.8,8,40.0,2.5,8,47.7,MEDIUM_PLANNED
SMMS-DEF-0059,S_AND_T,SMMS,CGL,Chengalpattu Junction,59.7,SIG-CGL-50,ELECTRONIC_INTERLOCKING,ELECTRONIC_INTERLOCKING_CARD,Hot standby CPU card transient communication packet loss,5.7,28,42.9,1.5,10,71.8,CRITICAL_EMERGENCY
SMMS-DEF-0060,S_AND_T,SMMS,SKL,Singaperumal Koil,51.25,SIG-SKL-21,ABS_SIGNAL_POST,SIGNAL_ASPECT_LED_DEGRADATION,Main aspect LED unit luminous intensity below safety threshold,3.2,8,151.9,1.0,7,45.3,MEDIUM_PLANNED
SMMS-DEF-0061,S_AND_T,SMMS,MS,Chennai Egmore,3.85,SIG-MS-80,SIGNALLING_CABLE,CABLE_INSULATION_DROP,Underground signaling multicore cable megger value below 1 MOhm/km,1.8,4,197.4,3.0,6,38.8,MEDIUM_PLANNED
SMMS-DEF-0062,S_AND_T,SMMS,MSB,Chennai Beach,0.1,SIG-MSB-20,ELECTRONIC_INTERLOCKING,ELECTRONIC_INTERLOCKING_CARD,Hot standby CPU card transient communication packet loss,11.0,10,185.7,1.5,8,56.7,HIGH_PRIORITY
SMMS-DEF-0063,S_AND_T,SMMS,NBK,Nungambakkam,8.34,SIG-NBK-27,ABS_SIGNAL_POST,SIGNAL_ASPECT_LED_DEGRADATION,Main aspect LED unit luminous intensity below safety threshold,4.4,6,96.9,1.0,5,31.4,ROUTINE_CYCLE
SMMS-DEF-0064,S_AND_T,SMMS,CGL,Chengalpattu Junction,59.84,POINT-175,POINT_MACHINE,POINT_MACHINE_MOTOR_SLUGGISH,Point machine operation time sluggish (>4.5s vs 3.5s limit),4.8,7,253.7,2.0,8,55.2,HIGH_PRIORITY
SMMS-DEF-0065,S_AND_T,SMMS,SP,Saidapet,12.9,POINT-63,POINT_MACHINE,POINT_GROUND_CONNECTION_WEAR,Lock rod slack and stretcher bar clearance out of gauge,7.7,28,203.1,2.5,10,80.6,CRITICAL_EMERGENCY
SMMS-DEF-0066,S_AND_T,SMMS,NBK,Nungambakkam,8.15,POINT-41,POINT_MACHINE,POINT_MACHINE_MOTOR_SLUGGISH,Point machine operation time sluggish (>4.5s vs 3.5s limit),6.2,4,271.7,2.0,8,54.3,MEDIUM_PLANNED
SMMS-DEF-0067,S_AND_T,SMMS,STM,St. Thomas Mount,17.06,SIG-STM-93,ELECTRONIC_INTERLOCKING,ELECTRONIC_INTERLOCKING_CARD,Hot standby CPU card transient communication packet loss,14.6,32,56.5,1.5,10,79.3,CRITICAL_EMERGENCY
SMMS-DEF-0068,S_AND_T,SMMS,POTI,Potheri,43.64,SIG-POTI-32,SIGNALLING_CABLE,CABLE_INSULATION_DROP,Underground signaling multicore cable megger value below 1 MOhm/km,14.5,23,310.5,3.0,7,69.7,HIGH_PRIORITY
SMMS-DEF-0069,S_AND_T,SMMS,UPM,Urapakkam,37.49,SIG-UPM-41,ABS_SIGNAL_POST,LED_UNIT_ROUTINE_INSPECTION,Quarterly photometric Lux measurement and aspect lens cleaning,5.2,2,100.5,1.0,2,13.7,ROUTINE_CYCLE
SMMS-DEF-0070,S_AND_T,SMMS,PRGL,Perungalathur,32.34,SIG-PRGL-33,POWER_SUPPLY,SIGNAL_BATTERY_WATERING,Maintenance of 110V battery bank & electrolyte specific gravity check,10.4,0,182.8,1.5,3,23.3,ROUTINE_CYCLE
SMMS-DEF-0071,S_AND_T,SMMS,MKK,Kodambakkam,9.62,SIG-MKK-98,TRACK_CIRCUIT,TRACK_CIRCUIT_INSULATION_FAIL,G3(L) nylon insulated rail joint resistance dropped <100 ohms,1.5,1,273.6,2.0,7,45.1,MEDIUM_PLANNED
SMMS-DEF-0072,S_AND_T,SMMS,MSC,Chetpet,6.69,SIG-MSC-42,DIGITAL_AXLE_COUNTER,AXLE_COUNTER_DRIFT,High-frequency wheel sensor signal amplitude drift on rail foot,10.1,0,233.1,1.5,8,50.7,MEDIUM_PLANNED
SMMS-DEF-0073,S_AND_T,SMMS,MMNK,Maraimalai Nagar,46.96,POINT-142,POINT_MACHINE,POINT_GROUND_CONNECTION_WEAR,Lock rod slack and stretcher bar clearance out of gauge,8.2,0,296.7,2.5,10,63.1,CRITICAL_EMERGENCY
SMMS-DEF-0074,S_AND_T,SMMS,MSF,Chennai Fort,2.09,SIG-MSF-99,SIGNALLING_CABLE,CABLE_INSULATION_DROP,Underground signaling multicore cable megger value below 1 MOhm/km,13.5,11,178.8,3.0,7,53.1,MEDIUM_PLANNED
SMMS-DEF-0075,S_AND_T,SMMS,MS,Chennai Egmore,4.59,SIG-MS-31,SIGNALLING_CABLE,CABLE_INSULATION_DROP,Underground signaling multicore cable megger value below 1 MOhm/km,9.9,0,28.5,3.0,7,35.4,MEDIUM_PLANNED
SMMS-DEF-0076,S_AND_T,SMMS,MN,Meenambakkam,20.51,SIG-MN-65,SIGNALLING_CABLE,CABLE_INSULATION_DROP,Underground signaling multicore cable megger value below 1 MOhm/km,2.0,3,45.1,3.0,5,25.5,ROUTINE_CYCLE
SMMS-DEF-0077,S_AND_T,SMMS,TBMS,Tambaram Sanatorium,27.42,SIG-TBMS-38,ABS_SIGNAL_POST,LED_UNIT_ROUTINE_INSPECTION,Quarterly photometric Lux measurement and aspect lens cleaning,7.0,18,134.3,1.0,3,33.9,ROUTINE_CYCLE
SMMS-DEF-0078,S_AND_T,SMMS,TBMS,Tambaram Sanatorium,27.01,SIG-TBMS-71,POINT_MACHINE,POINT_MACHINE_MOTOR_SLUGGISH,Point machine operation time sluggish (>4.5s vs 3.5s limit),2.0,0,141.9,2.0,7,37.9,MEDIUM_PLANNED
SMMS-DEF-0079,S_AND_T,SMMS,GDY,Guindy,15.01,POINT-35,POINT_MACHINE,POINT_MACHINE_MOTOR_SLUGGISH,Point machine operation time sluggish (>4.5s vs 3.5s limit),5.5,16,254.2,2.0,9,67.7,CRITICAL_EMERGENCY
SMMS-DEF-0080,S_AND_T,SMMS,CMP,Chromepet,24.95,SIG-CMP-50,POINT_MACHINE,ROUTINE_POINT_CLEANING_GREASING,"Bi-weekly point cleaning, graphite greasing and switch chair plate check",1.5,3,28.6,1.0,3,14.4,ROUTINE_CYCLE
SMMS-DEF-0081,S_AND_T,SMMS,STM,St. Thomas Mount,17.12,POINT-82,POINT_MACHINE,POINT_GROUND_CONNECTION_WEAR,Lock rod slack and stretcher bar clearance out of gauge,10.3,1,65.1,2.5,10,53.2,CRITICAL_EMERGENCY
SMMS-DEF-0082,S_AND_T,SMMS,GDY,Guindy,15.01,POINT-35,POINT_MACHINE,POINT_GROUND_CONNECTION_WEAR,Lock rod slack and stretcher bar clearance out of gauge,5.3,11,145.0,2.5,9,58.2,CRITICAL_EMERGENCY
SMMS-DEF-0083,S_AND_T,SMMS,CGL,Chengalpattu Junction,59.84,POINT-175,POINT_MACHINE,POINT_GROUND_CONNECTION_WEAR,Lock rod slack and stretcher bar clearance out of gauge,3.2,9,215.5,2.5,9,59.3,CRITICAL_EMERGENCY
SMMS-DEF-0084,S_AND_T,SMMS,SP,Saidapet,12.9,POINT-63,POINT_MACHINE,POINT_MACHINE_MOTOR_SLUGGISH,Point machine operation time sluggish (>4.5s vs 3.5s limit),6.7,20,16.4,2.0,7,49.5,MEDIUM_PLANNED
SMMS-DEF-0085,S_AND_T,SMMS,MS,Chennai Egmore,4.32,POINT-12,POINT_MACHINE,POINT_GROUND_CONNECTION_WEAR,Lock rod slack and stretcher bar clearance out of gauge,12.1,13,178.8,2.5,9,64.2,CRITICAL_EMERGENCY
SMMS-DEF-0086,S_AND_T,SMMS,MMNK,Maraimalai Nagar,46.96,POINT-142,POINT_MACHINE,POINT_MACHINE_MOTOR_SLUGGISH,Point machine operation time sluggish (>4.5s vs 3.5s limit),10.2,16,164.3,2.0,9,65.1,CRITICAL_EMERGENCY
SMMS-DEF-0087,S_AND_T,SMMS,CGL,Chengalpattu Junction,59.84,POINT-175,POINT_MACHINE,POINT_GROUND_CONNECTION_WEAR,Lock rod slack and stretcher bar clearance out of gauge,9.0,3,121.1,2.5,9,52.1,CRITICAL_EMERGENCY
SMMS-DEF-0088,S_AND_T,SMMS,GI,Guduvancheri,40.62,SIG-GI-88,TRACK_CIRCUIT,TRACK_CIRCUIT_INSULATION_FAIL,G3(L) nylon insulated rail joint resistance dropped <100 ohms,9.1,1,220.0,2.0,7,45.4,MEDIUM_PLANNED
SMMS-DEF-0089,S_AND_T,SMMS,NBK,Nungambakkam,8.15,POINT-41,POINT_MACHINE,POINT_MACHINE_MOTOR_SLUGGISH,Point machine operation time sluggish (>4.5s vs 3.5s limit),5.9,13,58.1,2.0,8,50.7,MEDIUM_PLANNED
SMMS-DEF-0090,S_AND_T,SMMS,MSC,Chetpet,6.63,SIG-MSC-33,ELECTRONIC_INTERLOCKING,ELECTRONIC_INTERLOCKING_CARD,Hot standby CPU card transient communication packet loss,7.6,16,178.9,1.5,10,69.8,CRITICAL_EMERGENCY
SMMS-DEF-0091,S_AND_T,SMMS,NBK,Nungambakkam,8.2,SIG-NBK-46,POINT_MACHINE,ROUTINE_POINT_CLEANING_GREASING,"Bi-weekly point cleaning, graphite greasing and switch chair plate check",2.5,46,110.9,1.0,3,53.3,MEDIUM_PLANNED
SMMS-DEF-0092,S_AND_T,SMMS,PZA,Pazhavanthangal,19.2,SIG-PZA-27,POINT_MACHINE,ROUTINE_POINT_CLEANING_GREASING,"Bi-weekly point cleaning, graphite greasing and switch chair plate check",3.3,5,132.1,1.0,3,21.9,ROUTINE_CYCLE
SMMS-DEF-0093,S_AND_T,SMMS,CMP,Chromepet,25.26,SIG-CMP-63,POINT_MACHINE,ROUTINE_POINT_CLEANING_GREASING,"Bi-weekly point cleaning, graphite greasing and switch chair plate check",10.8,4,150.4,1.0,1,15.0,ROUTINE_CYCLE
SMMS-DEF-0094,S_AND_T,SMMS,TBM,Tambaram,29.14,POINT-118,POINT_MACHINE,POINT_GROUND_CONNECTION_WEAR,Lock rod slack and stretcher bar clearance out of gauge,3.7,14,25.0,2.5,8,48.9,MEDIUM_PLANNED
SMMS-DEF-0095,S_AND_T,SMMS,NBK,Nungambakkam,8.43,SIG-NBK-73,ABS_SIGNAL_POST,LED_UNIT_ROUTINE_INSPECTION,Quarterly photometric Lux measurement and aspect lens cleaning,8.5,4,49.5,1.0,1,9.1,ROUTINE_CYCLE
SMMS-DEF-0096,S_AND_T,SMMS,STM,St. Thomas Mount,17.12,POINT-82,POINT_MACHINE,POINT_GROUND_CONNECTION_WEAR,Lock rod slack and stretcher bar clearance out of gauge,11.5,26,246.8,2.5,10,82.7,CRITICAL_EMERGENCY
SMMS-DEF-0097,S_AND_T,SMMS,TLM,Tirusulam,20.82,SIG-TLM-48,DIGITAL_AXLE_COUNTER,AXLE_COUNTER_DRIFT,High-frequency wheel sensor signal amplitude drift on rail foot,13.2,19,24.8,1.5,8,56.7,HIGH_PRIORITY
SMMS-DEF-0098,S_AND_T,SMMS,MS,Chennai Egmore,4.32,POINT-12,POINT_MACHINE,POINT_MACHINE_MOTOR_SLUGGISH,Point machine operation time sluggish (>4.5s vs 3.5s limit),14.9,5,251.6,2.0,7,52.5,MEDIUM_PLANNED
SMMS-DEF-0099,S_AND_T,SMMS,STM,St. Thomas Mount,17.12,POINT-82,POINT_MACHINE,POINT_GROUND_CONNECTION_WEAR,Lock rod slack and stretcher bar clearance out of gauge,9.3,13,145.6,2.5,10,66.4,CRITICAL_EMERGENCY
SMMS-DEF-0100,S_AND_T,SMMS,SP,Saidapet,12.9,POINT-63,POINT_MACHINE,POINT_GROUND_CONNECTION_WEAR,Lock rod slack and stretcher bar clearance out of gauge,12.2,14,188.9,2.5,10,70.5,CRITICAL_EMERGENCY
SMMS-DEF-0101,S_AND_T,SMMS,GDY,Guindy,15.01,POINT-35,POINT_MACHINE,POINT_MACHINE_MOTOR_SLUGGISH,Point machine operation time sluggish (>4.5s vs 3.5s limit),10.7,1,103.2,2.0,8,45.2,MEDIUM_PLANNED
SMMS-DEF-0102,S_AND_T,SMMS,TBMS,Tambaram Sanatorium,27.85,SIG-TBMS-27,POINT_MACHINE,POINT_GROUND_CONNECTION_WEAR,Lock rod slack and stretcher bar clearance out of gauge,14.5,23,254.6,2.5,9,76.9,CRITICAL_EMERGENCY
SMMS-DEF-0103,S_AND_T,SMMS,UPM,Urapakkam,37.13,SIG-UPM-41,ABS_SIGNAL_POST,SIGNAL_ASPECT_LED_DEGRADATION,Main aspect LED unit luminous intensity below safety threshold,2.6,7,113.2,1.0,5,32.3,ROUTINE_CYCLE
SMMS-DEF-0104,S_AND_T,SMMS,GI,Guduvancheri,40.3,SIG-GI-83,ABS_SIGNAL_POST,SIGNAL_ASPECT_LED_DEGRADATION,Main aspect LED unit luminous intensity below safety threshold,9.7,17,206.5,1.0,6,52.8,MEDIUM_PLANNED
SMMS-DEF-0105,S_AND_T,SMMS,UPM,Urapakkam,37.79,SIG-UPM-61,POINT_MACHINE,POINT_GROUND_CONNECTION_WEAR,Lock rod slack and stretcher bar clearance out of gauge,8.0,3,99.9,2.5,9,50.6,CRITICAL_EMERGENCY
SMMS-DEF-0106,S_AND_T,SMMS,CMP,Chromepet,25.18,SIG-CMP-21,POINT_MACHINE,POINT_MACHINE_MOTOR_SLUGGISH,Point machine operation time sluggish (>4.5s vs 3.5s limit),11.1,22,154.8,2.0,10,74.8,CRITICAL_EMERGENCY
SMMS-DEF-0107,S_AND_T,SMMS,MPK,Chennai Park,3.37,SIG-MPK-37,ELECTRONIC_INTERLOCKING,ELECTRONIC_INTERLOCKING_CARD,Hot standby CPU card transient communication packet loss,14.5,4,266.6,1.5,9,62.3,CRITICAL_EMERGENCY
SMMS-DEF-0108,S_AND_T,SMMS,NBK,Nungambakkam,8.15,POINT-41,POINT_MACHINE,POINT_MACHINE_MOTOR_SLUGGISH,Point machine operation time sluggish (>4.5s vs 3.5s limit),8.9,0,187.7,2.0,8,47.9,MEDIUM_PLANNED
SMMS-DEF-0109,S_AND_T,SMMS,GI,Guduvancheri,40.67,SIG-GI-22,POINT_MACHINE,POINT_MACHINE_MOTOR_SLUGGISH,Point machine operation time sluggish (>4.5s vs 3.5s limit),9.6,23,270.2,2.0,8,70.8,HIGH_PRIORITY
SMMS-DEF-0110,S_AND_T,SMMS,GDY,Guindy,15.01,POINT-35,POINT_MACHINE,POINT_MACHINE_MOTOR_SLUGGISH,Point machine operation time sluggish (>4.5s vs 3.5s limit),0.5,0,307.2,2.0,7,45.6,MEDIUM_PLANNED
SMMS-DEF-0111,S_AND_T,SMMS,MSC,Chetpet,6.94,SIG-MSC-30,TRACK_CIRCUIT,TRACK_CIRCUIT_INSULATION_FAIL,G3(L) nylon insulated rail joint resistance dropped <100 ohms,13.2,3,282.4,2.0,6,46.8,MEDIUM_PLANNED
SMMS-DEF-0112,S_AND_T,SMMS,SP,Saidapet,12.48,SIG-SP-16,ABS_SIGNAL_POST,SIGNAL_ASPECT_LED_DEGRADATION,Main aspect LED unit luminous intensity below safety threshold,6.2,29,108.2,1.0,8,66.1,HIGH_PRIORITY
SMMS-DEF-0113,S_AND_T,SMMS,TLM,Tirusulam,21.38,SIG-TLM-10,POINT_MACHINE,POINT_GROUND_CONNECTION_WEAR,Lock rod slack and stretcher bar clearance out of gauge,3.6,30,38.8,2.5,10,72.4,CRITICAL_EMERGENCY
SMMS-DEF-0114,S_AND_T,SMMS,MMNK,Maraimalai Nagar,46.96,POINT-142,POINT_MACHINE,POINT_MACHINE_MOTOR_SLUGGISH,Point machine operation time sluggish (>4.5s vs 3.5s limit),10.6,8,264.2,2.0,8,58.9,HIGH_PRIORITY
SMMS-DEF-0115,S_AND_T,SMMS,CMP,Chromepet,24.92,SIG-CMP-21,ELECTRONIC_INTERLOCKING,ELECTRONIC_INTERLOCKING_CARD,Hot standby CPU card transient communication packet loss,11.1,9,46.2,1.5,9,54.0,CRITICAL_EMERGENCY
SMMS-DEF-0116,S_AND_T,SMMS,GDY,Guindy,14.65,SIG-GDY-92,ABS_SIGNAL_POST,SIGNAL_ASPECT_LED_DEGRADATION,Main aspect LED unit luminous intensity below safety threshold,14.9,5,58.6,1.0,7,42.9,MEDIUM_PLANNED
SMMS-DEF-0117,S_AND_T,SMMS,VDR,Vandalur,34.59,SIG-VDR-54,POINT_MACHINE,ROUTINE_POINT_CLEANING_GREASING,"Bi-weekly point cleaning, graphite greasing and switch chair plate check",11.0,3,206.6,1.0,1,17.1,ROUTINE_CYCLE
SMMS-DEF-0118,S_AND_T,SMMS,VDR,Vandalur,34.63,SIG-VDR-21,DIGITAL_AXLE_COUNTER,AXLE_COUNTER_DRIFT,High-frequency wheel sensor signal amplitude drift on rail foot,13.5,3,57.7,1.5,7,40.7,MEDIUM_PLANNED
SMMS-DEF-0119,S_AND_T,SMMS,MN,Meenambakkam,19.89,SIG-MN-50,ELECTRONIC_INTERLOCKING,ELECTRONIC_INTERLOCKING_CARD,Hot standby CPU card transient communication packet loss,12.0,11,90.6,1.5,10,63.1,CRITICAL_EMERGENCY
SMMS-DEF-0120,S_AND_T,SMMS,NBK,Nungambakkam,8.15,POINT-41,POINT_MACHINE,POINT_GROUND_CONNECTION_WEAR,Lock rod slack and stretcher bar clearance out of gauge,10.5,13,273.6,2.5,10,73.3,CRITICAL_EMERGENCY
SMMS-DEF-0121,S_AND_T,SMMS,MKK,Kodambakkam,9.7,SIG-MKK-34,POWER_SUPPLY,SIGNAL_BATTERY_WATERING,Maintenance of 110V battery bank & electrolyte specific gravity check,11.3,15,105.1,1.5,2,26.8,ROUTINE_CYCLE
SMMS-DEF-0122,S_AND_T,SMMS,CGL,Chengalpattu Junction,59.7,SIG-CGL-59,POINT_MACHINE,ROUTINE_POINT_CLEANING_GREASING,"Bi-weekly point cleaning, graphite greasing and switch chair plate check",2.1,15,167.4,1.0,3,31.2,ROUTINE_CYCLE
SMMS-DEF-0123,S_AND_T,SMMS,TBM,Tambaram,29.14,POINT-118,POINT_MACHINE,POINT_GROUND_CONNECTION_WEAR,Lock rod slack and stretcher bar clearance out of gauge,14.0,0,55.3,2.5,10,53.4,CRITICAL_EMERGENCY
SMMS-DEF-0124,S_AND_T,SMMS,TBM,Tambaram,29.32,SIG-TBM-19,POINT_MACHINE,ROUTINE_POINT_CLEANING_GREASING,"Bi-weekly point cleaning, graphite greasing and switch chair plate check",0.7,6,35.6,1.0,2,11.9,ROUTINE_CYCLE
SMMS-DEF-0125,S_AND_T,SMMS,TBM,Tambaram,29.14,POINT-118,POINT_MACHINE,POINT_GROUND_CONNECTION_WEAR,Lock rod slack and stretcher bar clearance out of gauge,6.3,0,102.4,2.5,10,52.6,CRITICAL_EMERGENCY
SMMS-DEF-0126,S_AND_T,SMMS,TLM,Tirusulam,21.14,SIG-TLM-20,ELECTRONIC_INTERLOCKING,ELECTRONIC_INTERLOCKING_CARD,Hot standby CPU card transient communication packet loss,9.8,7,179.0,1.5,8,53.5,MEDIUM_PLANNED
SMMS-DEF-0127,S_AND_T,SMMS,NBK,Nungambakkam,8.15,POINT-41,POINT_MACHINE,POINT_MACHINE_MOTOR_SLUGGISH,Point machine operation time sluggish (>4.5s vs 3.5s limit),13.9,5,312.2,2.0,7,55.2,HIGH_PRIORITY
SMMS-DEF-0128,S_AND_T,SMMS,MN,Meenambakkam,20.13,SIG-MN-49,POINT_MACHINE,POINT_GROUND_CONNECTION_WEAR,Lock rod slack and stretcher bar clearance out of gauge,10.6,21,237.6,2.5,9,72.9,CRITICAL_EMERGENCY
SMMS-DEF-0129,S_AND_T,SMMS,MS,Chennai Egmore,4.32,POINT-12,POINT_MACHINE,POINT_GROUND_CONNECTION_WEAR,Lock rod slack and stretcher bar clearance out of gauge,2.2,4,201.8,2.5,8,49.2,MEDIUM_PLANNED
SMMS-DEF-0130,S_AND_T,SMMS,GDY,Guindy,15.01,POINT-35,POINT_MACHINE,POINT_MACHINE_MOTOR_SLUGGISH,Point machine operation time sluggish (>4.5s vs 3.5s limit),10.8,1,229.0,2.0,7,46.6,MEDIUM_PLANNED
SMMS-DEF-0131,S_AND_T,SMMS,PZA,Pazhavanthangal,18.77,SIG-PZA-31,TRACK_CIRCUIT,TRACK_CIRCUIT_INSULATION_FAIL,G3(L) nylon insulated rail joint resistance dropped <100 ohms,5.9,1,243.7,2.0,7,45.3,MEDIUM_PLANNED
SMMS-DEF-0132,S_AND_T,SMMS,MS,Chennai Egmore,4.59,SIG-MS-52,POINT_MACHINE,POINT_MACHINE_MOTOR_SLUGGISH,Point machine operation time sluggish (>4.5s vs 3.5s limit),12.2,14,98.0,2.0,7,51.0,MEDIUM_PLANNED
SMMS-DEF-0133,S_AND_T,SMMS,MS,Chennai Egmore,4.32,POINT-12,POINT_MACHINE,POINT_MACHINE_MOTOR_SLUGGISH,Point machine operation time sluggish (>4.5s vs 3.5s limit),7.9,9,31.9,2.0,9,52.0,CRITICAL_EMERGENCY
SMMS-DEF-0134,S_AND_T,SMMS,GDY,Guindy,15.01,POINT-35,POINT_MACHINE,POINT_MACHINE_MOTOR_SLUGGISH,Point machine operation time sluggish (>4.5s vs 3.5s limit),2.0,1,190.0,2.0,9,51.1,CRITICAL_EMERGENCY
SMMS-DEF-0135,S_AND_T,SMMS,TBM,Tambaram,29.14,POINT-118,POINT_MACHINE,POINT_MACHINE_MOTOR_SLUGGISH,Point machine operation time sluggish (>4.5s vs 3.5s limit),13.0,0,89.6,2.0,8,44.7,MEDIUM_PLANNED
SMMS-DEF-0136,S_AND_T,SMMS,MSC,Chetpet,6.24,SIG-MSC-80,POINT_MACHINE,POINT_MACHINE_MOTOR_SLUGGISH,Point machine operation time sluggish (>4.5s vs 3.5s limit),12.1,12,232.8,2.0,9,66.1,CRITICAL_EMERGENCY
SMMS-DEF-0137,S_AND_T,SMMS,STM,St. Thomas Mount,16.87,SIG-STM-44,SIGNALLING_CABLE,CABLE_INSULATION_DROP,Underground signaling multicore cable megger value below 1 MOhm/km,12.5,0,189.3,3.0,5,34.5,ROUTINE_CYCLE
SMMS-DEF-0138,S_AND_T,SMMS,MSF,Chennai Fort,1.48,SIG-MSF-15,POWER_SUPPLY,SIGNAL_BATTERY_WATERING,Maintenance of 110V battery bank & electrolyte specific gravity check,14.3,17,36.0,1.5,3,31.1,ROUTINE_CYCLE
SMMS-DEF-0139,S_AND_T,SMMS,SKL,Singaperumal Koil,51.82,SIG-SKL-21,SIGNALLING_CABLE,CABLE_INSULATION_DROP,Underground signaling multicore cable megger value below 1 MOhm/km,8.5,12,17.4,3.0,5,33.9,ROUTINE_CYCLE
SMMS-DEF-0140,S_AND_T,SMMS,NBK,Nungambakkam,8.15,POINT-41,POINT_MACHINE,POINT_GROUND_CONNECTION_WEAR,Lock rod slack and stretcher bar clearance out of gauge,4.0,0,127.3,2.5,9,48.0,CRITICAL_EMERGENCY
SMMS-DEF-0141,S_AND_T,SMMS,SKL,Singaperumal Koil,51.18,SIG-SKL-41,POWER_SUPPLY,SIGNAL_BATTERY_WATERING,Maintenance of 110V battery bank & electrolyte specific gravity check,2.7,0,299.4,1.5,2,21.0,ROUTINE_CYCLE
SMMS-DEF-0142,S_AND_T,SMMS,STM,St. Thomas Mount,17.12,POINT-82,POINT_MACHINE,POINT_GROUND_CONNECTION_WEAR,Lock rod slack and stretcher bar clearance out of gauge,10.6,43,17.9,2.5,10,84.5,CRITICAL_EMERGENCY
SMMS-DEF-0143,S_AND_T,SMMS,CGL,Chengalpattu Junction,59.84,POINT-175,POINT_MACHINE,POINT_GROUND_CONNECTION_WEAR,Lock rod slack and stretcher bar clearance out of gauge,11.0,4,46.7,2.5,10,54.9,CRITICAL_EMERGENCY
SMMS-DEF-0144,S_AND_T,SMMS,TLM,Tirusulam,21.21,SIG-TLM-28,POINT_MACHINE,POINT_MACHINE_MOTOR_SLUGGISH,Point machine operation time sluggish (>4.5s vs 3.5s limit),10.8,4,43.4,2.0,7,39.7,MEDIUM_PLANNED
SMMS-DEF-0145,S_AND_T,SMMS,TBMS,Tambaram Sanatorium,27.27,SIG-TBMS-68,SIGNALLING_CABLE,CABLE_INSULATION_DROP,Underground signaling multicore cable megger value below 1 MOhm/km,14.6,16,40.9,3.0,5,40.7,MEDIUM_PLANNED
SMMS-DEF-0146,S_AND_T,SMMS,UPM,Urapakkam,37.82,SIG-UPM-85,POINT_MACHINE,POINT_GROUND_CONNECTION_WEAR,Lock rod slack and stretcher bar clearance out of gauge,8.7,29,147.7,2.5,9,74.1,CRITICAL_EMERGENCY
SMMS-DEF-0147,S_AND_T,SMMS,NBK,Nungambakkam,8.15,POINT-41,POINT_MACHINE,POINT_GROUND_CONNECTION_WEAR,Lock rod slack and stretcher bar clearance out of gauge,13.9,42,134.9,2.5,10,90.9,CRITICAL_EMERGENCY
SMMS-DEF-0148,S_AND_T,SMMS,MMNK,Maraimalai Nagar,46.96,POINT-142,POINT_MACHINE,POINT_MACHINE_MOTOR_SLUGGISH,Point machine operation time sluggish (>4.5s vs 3.5s limit),1.6,13,76.8,2.0,9,54.9,CRITICAL_EMERGENCY
SMMS-DEF-0149,S_AND_T,SMMS,MS,Chennai Egmore,4.32,POINT-12,POINT_MACHINE,POINT_MACHINE_MOTOR_SLUGGISH,Point machine operation time sluggish (>4.5s vs 3.5s limit),7.3,4,139.0,2.0,9,53.1,CRITICAL_EMERGENCY
SMMS-DEF-0150,S_AND_T,SMMS,SKL,Singaperumal Koil,51.19,SIG-SKL-69,TRACK_CIRCUIT,TRACK_CIRCUIT_INSULATION_FAIL,G3(L) nylon insulated rail joint resistance dropped <100 ohms,4.3,0,51.6,2.0,6,29.3,ROUTINE_CYCLE
SMMS-DEF-0151,S_AND_T,SMMS,GDY,Guindy,15.34,SIG-GDY-15,ABS_SIGNAL_POST,LED_UNIT_ROUTINE_INSPECTION,Quarterly photometric Lux measurement and aspect lens cleaning,3.6,15,276.3,1.0,1,27.3,ROUTINE_CYCLE
SMMS-DEF-0152,S_AND_T,SMMS,SP,Saidapet,12.9,POINT-63,POINT_MACHINE,POINT_GROUND_CONNECTION_WEAR,Lock rod slack and stretcher bar clearance out of gauge,6.2,8,29.9,2.5,9,50.4,CRITICAL_EMERGENCY
SMMS-DEF-0153,S_AND_T,SMMS,GDY,Guindy,15.01,POINT-35,POINT_MACHINE,POINT_MACHINE_MOTOR_SLUGGISH,Point machine operation time sluggish (>4.5s vs 3.5s limit),6.4,5,152.9,2.0,9,54.2,CRITICAL_EMERGENCY
SMMS-DEF-0154,S_AND_T,SMMS,MS,Chennai Egmore,4.28,SIG-MS-25,ABS_SIGNAL_POST,SIGNAL_ASPECT_LED_DEGRADATION,Main aspect LED unit luminous intensity below safety threshold,0.7,23,268.3,1.0,6,57.1,HIGH_PRIORITY
SMMS-DEF-0155,S_AND_T,SMMS,CGL,Chengalpattu Junction,59.84,POINT-175,POINT_MACHINE,POINT_MACHINE_MOTOR_SLUGGISH,Point machine operation time sluggish (>4.5s vs 3.5s limit),9.6,1,211.6,2.0,9,55.2,CRITICAL_EMERGENCY
SMMS-DEF-0156,S_AND_T,SMMS,MPK,Chennai Park,2.59,SIG-MPK-35,POINT_MACHINE,POINT_GROUND_CONNECTION_WEAR,Lock rod slack and stretcher bar clearance out of gauge,13.6,6,150.2,2.5,8,52.7,MEDIUM_PLANNED
SMMS-DEF-0157,S_AND_T,SMMS,STM,St. Thomas Mount,17.12,POINT-82,POINT_MACHINE,POINT_MACHINE_MOTOR_SLUGGISH,Point machine operation time sluggish (>4.5s vs 3.5s limit),14.2,0,30.4,2.0,9,47.2,CRITICAL_EMERGENCY
SMMS-DEF-0158,S_AND_T,SMMS,MMNK,Maraimalai Nagar,46.85,SIG-MMNK-58,POINT_MACHINE,POINT_MACHINE_MOTOR_SLUGGISH,Point machine operation time sluggish (>4.5s vs 3.5s limit),10.4,6,67.7,2.0,7,42.3,MEDIUM_PLANNED
SMMS-DEF-0159,S_AND_T,SMMS,SP,Saidapet,12.68,SIG-SP-14,ABS_SIGNAL_POST,SIGNAL_ASPECT_LED_DEGRADATION,Main aspect LED unit luminous intensity below safety threshold,9.4,0,203.2,1.0,7,43.9,MEDIUM_PLANNED
SMMS-DEF-0160,S_AND_T,SMMS,CGL,Chengalpattu Junction,59.84,POINT-175,POINT_MACHINE,POINT_GROUND_CONNECTION_WEAR,Lock rod slack and stretcher bar clearance out of gauge,7.4,1,41.8,2.5,9,45.9,CRITICAL_EMERGENCY
SMMS-DEF-0161,S_AND_T,SMMS,SP,Saidapet,12.9,POINT-63,POINT_MACHINE,POINT_GROUND_CONNECTION_WEAR,Lock rod slack and stretcher bar clearance out of gauge,12.1,1,91.0,2.5,10,55.2,CRITICAL_EMERGENCY
SMMS-DEF-0162,S_AND_T,SMMS,MN,Meenambakkam,20.32,SIG-MN-71,SIGNALLING_CABLE,CABLE_INSULATION_DROP,Underground signaling multicore cable megger value below 1 MOhm/km,8.4,10,162.8,3.0,7,49.5,MEDIUM_PLANNED
SMMS-DEF-0163,S_AND_T,SMMS,MN,Meenambakkam,19.81,SIG-MN-50,POINT_MACHINE,POINT_MACHINE_MOTOR_SLUGGISH,Point machine operation time sluggish (>4.5s vs 3.5s limit),9.2,13,23.9,2.0,8,50.3,MEDIUM_PLANNED
SMMS-DEF-0164,S_AND_T,SMMS,MMNK,Maraimalai Nagar,46.96,POINT-142,POINT_MACHINE,POINT_GROUND_CONNECTION_WEAR,Lock rod slack and stretcher bar clearance out of gauge,11.6,8,319.9,2.5,8,62.0,HIGH_PRIORITY
SMMS-DEF-0165,S_AND_T,SMMS,SP,Saidapet,12.9,POINT-63,POINT_MACHINE,POINT_MACHINE_MOTOR_SLUGGISH,Point machine operation time sluggish (>4.5s vs 3.5s limit),12.3,32,294.8,2.0,8,80.3,CRITICAL_EMERGENCY
SMMS-DEF-0166,S_AND_T,SMMS,MBM,Mambalam,11.37,SIG-MBM-55,ELECTRONIC_INTERLOCKING,ELECTRONIC_INTERLOCKING_CARD,Hot standby CPU card transient communication packet loss,14.1,4,317.4,1.5,8,59.7,HIGH_PRIORITY
SMMS-DEF-0167,S_AND_T,SMMS,STM,St. Thomas Mount,17.12,POINT-82,POINT_MACHINE,POINT_GROUND_CONNECTION_WEAR,Lock rod slack and stretcher bar clearance out of gauge,10.6,3,293.8,2.5,8,56.3,HIGH_PRIORITY
SMMS-DEF-0168,S_AND_T,SMMS,PZA,Pazhavanthangal,19.2,SIG-PZA-28,ABS_SIGNAL_POST,LED_UNIT_ROUTINE_INSPECTION,Quarterly photometric Lux measurement and aspect lens cleaning,8.7,20,72.4,1.0,2,28.1,ROUTINE_CYCLE
SMMS-DEF-0169,S_AND_T,SMMS,NBK,Nungambakkam,8.14,SIG-NBK-17,POINT_MACHINE,POINT_GROUND_CONNECTION_WEAR,Lock rod slack and stretcher bar clearance out of gauge,3.9,2,81.7,2.5,10,52.2,CRITICAL_EMERGENCY
SMMS-DEF-0170,S_AND_T,SMMS,STM,St. Thomas Mount,17.54,SIG-STM-26,DIGITAL_AXLE_COUNTER,AXLE_COUNTER_DRIFT,High-frequency wheel sensor signal amplitude drift on rail foot,5.4,33,69.1,1.5,9,72.0,CRITICAL_EMERGENCY
SMMS-DEF-0171,S_AND_T,SMMS,GDY,Guindy,15.01,POINT-35,POINT_MACHINE,POINT_GROUND_CONNECTION_WEAR,Lock rod slack and stretcher bar clearance out of gauge,13.8,0,251.2,2.5,10,63.1,CRITICAL_EMERGENCY
SMMS-DEF-0172,S_AND_T,SMMS,MPK,Chennai Park,2.94,SIG-MPK-85,ELECTRONIC_INTERLOCKING,ELECTRONIC_INTERLOCKING_CARD,Hot standby CPU card transient communication packet loss,2.0,35,107.0,1.5,9,74.1,CRITICAL_EMERGENCY
SMMS-DEF-0173,S_AND_T,SMMS,MMNK,Maraimalai Nagar,47.41,SIG-MMNK-93,POINT_MACHINE,ROUTINE_POINT_CLEANING_GREASING,"Bi-weekly point cleaning, graphite greasing and switch chair plate check",5.1,0,230.7,1.0,3,23.6,ROUTINE_CYCLE
SMMS-DEF-0174,S_AND_T,SMMS,VDR,Vandalur,34.73,SIG-VDR-95,DIGITAL_AXLE_COUNTER,AXLE_COUNTER_DRIFT,High-frequency wheel sensor signal amplitude drift on rail foot,9.0,22,68.5,1.5,9,64.6,CRITICAL_EMERGENCY
SMMS-DEF-0175,S_AND_T,SMMS,GDY,Guindy,14.64,SIG-GDY-99,POINT_MACHINE,POINT_MACHINE_MOTOR_SLUGGISH,Point machine operation time sluggish (>4.5s vs 3.5s limit),14.3,7,134.4,2.0,9,58.0,CRITICAL_EMERGENCY
SMMS-DEF-0176,S_AND_T,SMMS,STM,St. Thomas Mount,17.12,POINT-82,POINT_MACHINE,POINT_GROUND_CONNECTION_WEAR,Lock rod slack and stretcher bar clearance out of gauge,14.5,49,82.4,2.5,10,94.1,CRITICAL_EMERGENCY
SMMS-DEF-0177,S_AND_T,SMMS,MMNK,Maraimalai Nagar,46.96,POINT-142,POINT_MACHINE,POINT_MACHINE_MOTOR_SLUGGISH,Point machine operation time sluggish (>4.5s vs 3.5s limit),11.3,0,87.6,2.0,8,43.9,MEDIUM_PLANNED
SMMS-DEF-0178,S_AND_T,SMMS,MS,Chennai Egmore,4.32,POINT-12,POINT_MACHINE,POINT_GROUND_CONNECTION_WEAR,Lock rod slack and stretcher bar clearance out of gauge,10.2,8,237.4,2.5,9,62.3,CRITICAL_EMERGENCY
SMMS-DEF-0179,S_AND_T,SMMS,SP,Saidapet,12.61,SIG-SP-54,POINT_MACHINE,POINT_GROUND_CONNECTION_WEAR,Lock rod slack and stretcher bar clearance out of gauge,4.2,34,48.0,2.5,9,71.3,CRITICAL_EMERGENCY
SMMS-DEF-0180,S_AND_T,SMMS,MMNK,Maraimalai Nagar,46.96,POINT-142,POINT_MACHINE,POINT_GROUND_CONNECTION_WEAR,Lock rod slack and stretcher bar clearance out of gauge,14.6,7,284.8,2.5,9,65.7,CRITICAL_EMERGENCY
SMMS-DEF-0181,S_AND_T,SMMS,PZA,Pazhavanthangal,18.8,SIG-PZA-71,POINT_MACHINE,POINT_GROUND_CONNECTION_WEAR,Lock rod slack and stretcher bar clearance out of gauge,11.9,9,191.3,2.5,10,66.5,CRITICAL_EMERGENCY
SMMS-DEF-0182,S_AND_T,SMMS,MMNK,Maraimalai Nagar,46.96,POINT-142,POINT_MACHINE,POINT_MACHINE_MOTOR_SLUGGISH,Point machine operation time sluggish (>4.5s vs 3.5s limit),12.8,11,104.9,2.0,8,54.2,MEDIUM_PLANNED
SMMS-DEF-0183,S_AND_T,SMMS,MS,Chennai Egmore,4.32,POINT-12,POINT_MACHINE,POINT_MACHINE_MOTOR_SLUGGISH,Point machine operation time sluggish (>4.5s vs 3.5s limit),3.0,6,129.5,2.0,9,52.5,CRITICAL_EMERGENCY
SMMS-DEF-0184,S_AND_T,SMMS,MS,Chennai Egmore,4.32,POINT-12,POINT_MACHINE,POINT_MACHINE_MOTOR_SLUGGISH,Point machine operation time sluggish (>4.5s vs 3.5s limit),14.8,9,287.4,2.0,9,67.5,CRITICAL_EMERGENCY
SMMS-DEF-0185,S_AND_T,SMMS,GDY,Guindy,15.01,POINT-35,POINT_MACHINE,POINT_GROUND_CONNECTION_WEAR,Lock rod slack and stretcher bar clearance out of gauge,6.8,8,31.3,2.5,9,50.7,CRITICAL_EMERGENCY
SMMS-DEF-0186,S_AND_T,SMMS,SP,Saidapet,12.9,POINT-63,POINT_MACHINE,POINT_MACHINE_MOTOR_SLUGGISH,Point machine operation time sluggish (>4.5s vs 3.5s limit),8.5,23,297.3,2.0,10,81.7,CRITICAL_EMERGENCY
SMMS-DEF-0187,S_AND_T,SMMS,NBK,Nungambakkam,8.15,POINT-41,POINT_MACHINE,POINT_MACHINE_MOTOR_SLUGGISH,Point machine operation time sluggish (>4.5s vs 3.5s limit),1.9,0,134.8,2.0,9,47.5,CRITICAL_EMERGENCY
SMMS-DEF-0188,S_AND_T,SMMS,MSC,Chetpet,6.11,SIG-MSC-64,POINT_MACHINE,POINT_MACHINE_MOTOR_SLUGGISH,Point machine operation time sluggish (>4.5s vs 3.5s limit),1.8,3,266.3,2.0,9,56.4,CRITICAL_EMERGENCY
SMMS-DEF-0189,S_AND_T,SMMS,MKK,Kodambakkam,9.28,SIG-MKK-31,DIGITAL_AXLE_COUNTER,AXLE_COUNTER_DRIFT,High-frequency wheel sensor signal amplitude drift on rail foot,9.8,30,313.0,1.5,9,83.6,CRITICAL_EMERGENCY
SMMS-DEF-0190,S_AND_T,SMMS,GDY,Guindy,15.29,SIG-GDY-72,POINT_MACHINE,ROUTINE_POINT_CLEANING_GREASING,"Bi-weekly point cleaning, graphite greasing and switch chair plate check",13.5,22,95.8,1.0,4,42.8,MEDIUM_PLANNED
SMMS-DEF-0191,S_AND_T,SMMS,NBK,Nungambakkam,8.02,SIG-NBK-57,ELECTRONIC_INTERLOCKING,ELECTRONIC_INTERLOCKING_CARD,Hot standby CPU card transient communication packet loss,3.2,6,28.6,1.5,9,47.5,CRITICAL_EMERGENCY
SMMS-DEF-0192,S_AND_T,SMMS,MBM,Mambalam,11.63,SIG-MBM-17,ABS_SIGNAL_POST,LED_UNIT_ROUTINE_INSPECTION,Quarterly photometric Lux measurement and aspect lens cleaning,2.7,9,227.4,1.0,1,19.6,ROUTINE_CYCLE
SMMS-DEF-0193,S_AND_T,SMMS,STM,St. Thomas Mount,17.12,POINT-82,POINT_MACHINE,POINT_GROUND_CONNECTION_WEAR,Lock rod slack and stretcher bar clearance out of gauge,6.5,3,245.7,2.5,8,52.3,MEDIUM_PLANNED
SMMS-DEF-0194,S_AND_T,SMMS,MN,Meenambakkam,20.36,SIG-MN-78,ELECTRONIC_INTERLOCKING,ELECTRONIC_INTERLOCKING_CARD,Hot standby CPU card transient communication packet loss,10.5,2,300.6,1.5,10,65.8,CRITICAL_EMERGENCY
SMMS-DEF-0195,S_AND_T,SMMS,CMP,Chromepet,25.15,SIG-CMP-14,ELECTRONIC_INTERLOCKING,ELECTRONIC_INTERLOCKING_CARD,Hot standby CPU card transient communication packet loss,7.8,6,289.6,1.5,10,67.4,CRITICAL_EMERGENCY
SMMS-DEF-0196,S_AND_T,SMMS,VDR,Vandalur,34.09,SIG-VDR-32,POINT_MACHINE,ROUTINE_POINT_CLEANING_GREASING,"Bi-weekly point cleaning, graphite greasing and switch chair plate check",14.3,4,66.0,1.0,1,12.2,ROUTINE_CYCLE
SMMS-DEF-0197,S_AND_T,SMMS,MSC,Chetpet,6.1,SIG-MSC-97,POINT_MACHINE,POINT_GROUND_CONNECTION_WEAR,Lock rod slack and stretcher bar clearance out of gauge,6.8,8,319.2,2.5,10,70.1,CRITICAL_EMERGENCY
SMMS-DEF-0198,S_AND_T,SMMS,NBK,Nungambakkam,8.15,POINT-41,POINT_MACHINE,POINT_MACHINE_MOTOR_SLUGGISH,Point machine operation time sluggish (>4.5s vs 3.5s limit),11.0,0,261.2,2.0,7,47.5,MEDIUM_PLANNED
SMMS-DEF-0199,S_AND_T,SMMS,MN,Meenambakkam,20.09,SIG-MN-76,TRACK_CIRCUIT,TRACK_CIRCUIT_INSULATION_FAIL,G3(L) nylon insulated rail joint resistance dropped <100 ohms,7.1,36,281.4,2.0,9,85.7,CRITICAL_EMERGENCY
SMMS-DEF-0200,S_AND_T,SMMS,TBMS,Tambaram Sanatorium,27.64,SIG-TBMS-63,POINT_MACHINE,POINT_GROUND_CONNECTION_WEAR,Lock rod slack and stretcher bar clearance out of gauge,2.7,42,187.8,2.5,10,89.1,CRITICAL_EMERGENCY
SMMS-DEF-0201,S_AND_T,SMMS,MS,Chennai Egmore,4.74,SIG-MS-22,ABS_SIGNAL_POST,LED_UNIT_ROUTINE_INSPECTION,Quarterly photometric Lux measurement and aspect lens cleaning,11.9,11,279.6,1.0,2,32.5,ROUTINE_CYCLE
SMMS-DEF-0202,S_AND_T,SMMS,SP,Saidapet,12.78,SIG-SP-83,POINT_MACHINE,ROUTINE_POINT_CLEANING_GREASING,"Bi-weekly point cleaning, graphite greasing and switch chair plate check",9.3,7,26.4,1.0,2,15.6,ROUTINE_CYCLE
SMMS-DEF-0203,S_AND_T,SMMS,VDR,Vandalur,34.55,SIG-VDR-14,ELECTRONIC_INTERLOCKING,ELECTRONIC_INTERLOCKING_CARD,Hot standby CPU card transient communication packet loss,6.2,3,283.1,1.5,10,64.0,CRITICAL_EMERGENCY
SMMS-DEF-0204,S_AND_T,SMMS,MMNK,Maraimalai Nagar,46.96,POINT-142,POINT_MACHINE,POINT_GROUND_CONNECTION_WEAR,Lock rod slack and stretcher bar clearance out of gauge,13.5,16,21.2,2.5,9,59.3,CRITICAL_EMERGENCY
SMMS-DEF-0205,S_AND_T,SMMS,MMNK,Maraimalai Nagar,46.96,POINT-142,POINT_MACHINE,POINT_GROUND_CONNECTION_WEAR,Lock rod slack and stretcher bar clearance out of gauge,10.4,11,311.6,2.5,8,63.5,HIGH_PRIORITY
SMMS-DEF-0206,S_AND_T,SMMS,MMNK,Maraimalai Nagar,46.96,POINT-142,POINT_MACHINE,POINT_GROUND_CONNECTION_WEAR,Lock rod slack and stretcher bar clearance out of gauge,5.2,1,237.3,2.5,10,59.7,CRITICAL_EMERGENCY
SMMS-DEF-0207,S_AND_T,SMMS,MKK,Kodambakkam,9.62,SIG-MKK-72,ELECTRONIC_INTERLOCKING,ELECTRONIC_INTERLOCKING_CARD,Hot standby CPU card transient communication packet loss,11.5,24,279.5,1.5,9,77.8,CRITICAL_EMERGENCY
SMMS-DEF-0208,S_AND_T,SMMS,NBK,Nungambakkam,7.72,SIG-NBK-61,POWER_SUPPLY,SIGNAL_BATTERY_WATERING,Maintenance of 110V battery bank & electrolyte specific gravity check,2.5,17,274.6,1.5,2,33.3,ROUTINE_CYCLE
SMMS-DEF-0209,S_AND_T,SMMS,SP,Saidapet,12.9,POINT-63,POINT_MACHINE,POINT_GROUND_CONNECTION_WEAR,Lock rod slack and stretcher bar clearance out of gauge,4.1,29,154.2,2.5,10,77.5,CRITICAL_EMERGENCY
SMMS-DEF-0210,S_AND_T,SMMS,SP,Saidapet,12.77,SIG-SP-74,POINT_MACHINE,ROUTINE_POINT_CLEANING_GREASING,"Bi-weekly point cleaning, graphite greasing and switch chair plate check",6.3,12,296.5,1.0,3,36.9,MEDIUM_PLANNED
SMMS-DEF-0211,S_AND_T,SMMS,STM,St. Thomas Mount,17.12,POINT-82,POINT_MACHINE,POINT_MACHINE_MOTOR_SLUGGISH,Point machine operation time sluggish (>4.5s vs 3.5s limit),7.0,9,308.0,2.0,8,60.4,HIGH_PRIORITY
SMMS-DEF-0212,S_AND_T,SMMS,PZA,Pazhavanthangal,18.59,SIG-PZA-98,TRACK_CIRCUIT,TRACK_CIRCUIT_INSULATION_FAIL,G3(L) nylon insulated rail joint resistance dropped <100 ohms,1.8,5,23.4,2.0,6,30.9,ROUTINE_CYCLE
SMMS-DEF-0213,S_AND_T,SMMS,SP,Saidapet,12.9,POINT-63,POINT_MACHINE,POINT_GROUND_CONNECTION_WEAR,Lock rod slack and stretcher bar clearance out of gauge,9.9,26,221.7,2.5,10,80.8,CRITICAL_EMERGENCY
SMMS-DEF-0214,S_AND_T,SMMS,TBMS,Tambaram Sanatorium,26.88,SIG-TBMS-70,POINT_MACHINE,POINT_MACHINE_MOTOR_SLUGGISH,Point machine operation time sluggish (>4.5s vs 3.5s limit),13.7,20,212.4,2.0,9,72.1,CRITICAL_EMERGENCY
SMMS-DEF-0215,S_AND_T,SMMS,MBM,Mambalam,11.04,SIG-MBM-92,TRACK_CIRCUIT,TRACK_CIRCUIT_INSULATION_FAIL,G3(L) nylon insulated rail joint resistance dropped <100 ohms,4.5,0,288.1,2.0,7,46.2,MEDIUM_PLANNED
SMMS-DEF-0216,S_AND_T,SMMS,MKK,Kodambakkam,9.65,SIG-MKK-89,POWER_SUPPLY,SIGNAL_BATTERY_WATERING,Maintenance of 110V battery bank & electrolyte specific gravity check,6.3,0,46.2,1.5,3,14.8,ROUTINE_CYCLE
SMMS-DEF-0217,S_AND_T,SMMS,VDR,Vandalur,34.55,SIG-VDR-97,TRACK_CIRCUIT,TRACK_CIRCUIT_INSULATION_FAIL,G3(L) nylon insulated rail joint resistance dropped <100 ohms,2.1,4,34.5,2.0,7,35.8,MEDIUM_PLANNED
SMMS-DEF-0218,S_AND_T,SMMS,SP,Saidapet,12.66,SIG-SP-34,TRACK_CIRCUIT,TRACK_CIRCUIT_INSULATION_FAIL,G3(L) nylon insulated rail joint resistance dropped <100 ohms,2.7,16,248.5,2.0,6,51.3,MEDIUM_PLANNED
SMMS-DEF-0219,S_AND_T,SMMS,CGL,Chengalpattu Junction,59.7,SIG-CGL-94,ELECTRONIC_INTERLOCKING,ELECTRONIC_INTERLOCKING_CARD,Hot standby CPU card transient communication packet loss,5.1,43,57.7,1.5,9,79.3,CRITICAL_EMERGENCY
SMMS-DEF-0220,S_AND_T,SMMS,GDY,Guindy,14.77,SIG-GDY-61,ELECTRONIC_INTERLOCKING,ELECTRONIC_INTERLOCKING_CARD,Hot standby CPU card transient communication packet loss,6.1,1,25.8,1.5,10,49.5,CRITICAL_EMERGENCY
SMMS-DEF-0221,S_AND_T,SMMS,MKK,Kodambakkam,9.52,SIG-MKK-97,DIGITAL_AXLE_COUNTER,AXLE_COUNTER_DRIFT,High-frequency wheel sensor signal amplitude drift on rail foot,8.3,9,254.4,1.5,9,63.2,CRITICAL_EMERGENCY
SMMS-DEF-0222,S_AND_T,SMMS,GDY,Guindy,15.36,SIG-GDY-33,POWER_SUPPLY,SIGNAL_BATTERY_WATERING,Maintenance of 110V battery bank & electrolyte specific gravity check,4.8,4,158.6,1.5,3,23.0,ROUTINE_CYCLE
SMMS-DEF-0223,S_AND_T,SMMS,TBM,Tambaram,29.4,SIG-TBM-97,ABS_SIGNAL_POST,SIGNAL_ASPECT_LED_DEGRADATION,Main aspect LED unit luminous intensity below safety threshold,13.5,35,214.6,1.0,6,69.1,HIGH_PRIORITY
SMMS-DEF-0224,S_AND_T,SMMS,MMNK,Maraimalai Nagar,47.33,SIG-MMNK-52,ELECTRONIC_INTERLOCKING,ELECTRONIC_INTERLOCKING_CARD,Hot standby CPU card transient communication packet loss,5.9,18,193.6,1.5,9,66.4,CRITICAL_EMERGENCY
SMMS-DEF-0225,S_AND_T,SMMS,CMP,Chromepet,24.9,SIG-CMP-84,ABS_SIGNAL_POST,LED_UNIT_ROUTINE_INSPECTION,Quarterly photometric Lux measurement and aspect lens cleaning,14.2,18,36.7,1.0,1,21.9,ROUTINE_CYCLE
SMMS-DEF-0226,S_AND_T,SMMS,GI,Guduvancheri,40.29,SIG-GI-62,TRACK_CIRCUIT,TRACK_CIRCUIT_INSULATION_FAIL,G3(L) nylon insulated rail joint resistance dropped <100 ohms,1.3,6,275.5,2.0,6,44.1,MEDIUM_PLANNED
SMMS-DEF-0227,S_AND_T,SMMS,STM,St. Thomas Mount,17.03,SIG-STM-68,ABS_SIGNAL_POST,LED_UNIT_ROUTINE_INSPECTION,Quarterly photometric Lux measurement and aspect lens cleaning,2.6,5,278.0,1.0,1,18.9,ROUTINE_CYCLE
SMMS-DEF-0228,S_AND_T,SMMS,CMP,Chromepet,25.18,SIG-CMP-50,ABS_SIGNAL_POST,SIGNAL_ASPECT_LED_DEGRADATION,Main aspect LED unit luminous intensity below safety threshold,9.7,3,16.4,1.0,6,32.1,ROUTINE_CYCLE
SMMS-DEF-0229,S_AND_T,SMMS,GDY,Guindy,15.01,POINT-35,POINT_MACHINE,POINT_GROUND_CONNECTION_WEAR,Lock rod slack and stretcher bar clearance out of gauge,2.8,0,254.5,2.5,8,48.8,MEDIUM_PLANNED
SMMS-DEF-0230,S_AND_T,SMMS,CGL,Chengalpattu Junction,59.84,POINT-175,POINT_MACHINE,POINT_GROUND_CONNECTION_WEAR,Lock rod slack and stretcher bar clearance out of gauge,6.3,20,309.4,2.5,9,74.0,CRITICAL_EMERGENCY
SMMS-DEF-0231,S_AND_T,SMMS,SP,Saidapet,12.9,POINT-63,POINT_MACHINE,POINT_GROUND_CONNECTION_WEAR,Lock rod slack and stretcher bar clearance out of gauge,14.3,16,287.1,2.5,10,77.9,CRITICAL_EMERGENCY
SMMS-DEF-0232,S_AND_T,SMMS,TBM,Tambaram,29.14,POINT-118,POINT_MACHINE,POINT_GROUND_CONNECTION_WEAR,Lock rod slack and stretcher bar clearance out of gauge,4.1,81,226.5,2.5,10,100.0,CRITICAL_EMERGENCY
SMMS-DEF-0233,S_AND_T,SMMS,MS,Chennai Egmore,4.32,POINT-12,POINT_MACHINE,POINT_MACHINE_MOTOR_SLUGGISH,Point machine operation time sluggish (>4.5s vs 3.5s limit),9.0,56,65.9,2.0,8,86.7,CRITICAL_EMERGENCY
SMMS-DEF-0234,S_AND_T,SMMS,NBK,Nungambakkam,8.15,POINT-41,POINT_MACHINE,POINT_MACHINE_MOTOR_SLUGGISH,Point machine operation time sluggish (>4.5s vs 3.5s limit),8.0,8,174.9,2.0,8,53.3,MEDIUM_PLANNED
SMMS-DEF-0235,S_AND_T,SMMS,MSC,Chetpet,6.4,SIG-MSC-55,POINT_MACHINE,ROUTINE_POINT_CLEANING_GREASING,"Bi-weekly point cleaning, graphite greasing and switch chair plate check",11.4,14,65.3,1.0,2,24.0,ROUTINE_CYCLE
SMMS-DEF-0236,S_AND_T,SMMS,SP,Saidapet,12.9,POINT-63,POINT_MACHINE,POINT_GROUND_CONNECTION_WEAR,Lock rod slack and stretcher bar clearance out of gauge,2.4,28,238.9,2.5,10,80.3,CRITICAL_EMERGENCY
SMMS-DEF-0237,S_AND_T,SMMS,MS,Chennai Egmore,4.19,SIG-MS-58,POINT_MACHINE,POINT_MACHINE_MOTOR_SLUGGISH,Point machine operation time sluggish (>4.5s vs 3.5s limit),13.2,18,93.0,2.0,9,64.3,CRITICAL_EMERGENCY
SMMS-DEF-0238,S_AND_T,SMMS,VDR,Vandalur,34.93,SIG-VDR-93,POINT_MACHINE,POINT_GROUND_CONNECTION_WEAR,Lock rod slack and stretcher bar clearance out of gauge,12.6,2,29.7,2.5,8,43.1,MEDIUM_PLANNED
SMMS-DEF-0239,S_AND_T,SMMS,MN,Meenambakkam,19.66,SIG-MN-70,TRACK_CIRCUIT,TRACK_CIRCUIT_INSULATION_FAIL,G3(L) nylon insulated rail joint resistance dropped <100 ohms,10.7,5,77.7,2.0,8,47.2,MEDIUM_PLANNED
SMMS-DEF-0240,S_AND_T,SMMS,GDY,Guindy,14.93,SIG-GDY-94,POINT_MACHINE,POINT_GROUND_CONNECTION_WEAR,Lock rod slack and stretcher bar clearance out of gauge,8.0,1,205.0,2.5,10,59.2,CRITICAL_EMERGENCY
SMMS-DEF-0241,S_AND_T,SMMS,MS,Chennai Egmore,4.32,POINT-12,POINT_MACHINE,POINT_GROUND_CONNECTION_WEAR,Lock rod slack and stretcher bar clearance out of gauge,9.5,30,101.2,2.5,9,72.9,CRITICAL_EMERGENCY
SMMS-DEF-0242,S_AND_T,SMMS,VDR,Vandalur,34.14,SIG-VDR-76,TRACK_CIRCUIT,TRACK_CIRCUIT_INSULATION_FAIL,G3(L) nylon insulated rail joint resistance dropped <100 ohms,14.6,9,124.2,2.0,7,49.2,MEDIUM_PLANNED
SMMS-DEF-0243,S_AND_T,SMMS,TBM,Tambaram,29.14,POINT-118,POINT_MACHINE,POINT_GROUND_CONNECTION_WEAR,Lock rod slack and stretcher bar clearance out of gauge,13.7,2,224.9,2.5,9,58.3,CRITICAL_EMERGENCY
SMMS-DEF-0244,S_AND_T,SMMS,TBM,Tambaram,29.14,POINT-118,POINT_MACHINE,POINT_MACHINE_MOTOR_SLUGGISH,Point machine operation time sluggish (>4.5s vs 3.5s limit),1.8,11,48.7,2.0,9,52.0,CRITICAL_EMERGENCY
SMMS-DEF-0245,S_AND_T,SMMS,MSC,Chetpet,7.01,SIG-MSC-19,POWER_SUPPLY,SIGNAL_BATTERY_WATERING,Maintenance of 110V battery bank & electrolyte specific gravity check,11.0,9,45.9,1.5,3,23.9,ROUTINE_CYCLE
SMMS-DEF-0246,S_AND_T,SMMS,PV,Pallavaram,23.64,SIG-PV-43,TRACK_CIRCUIT,TRACK_CIRCUIT_INSULATION_FAIL,G3(L) nylon insulated rail joint resistance dropped <100 ohms,7.2,4,45.4,2.0,6,33.4,ROUTINE_CYCLE
SMMS-DEF-0247,S_AND_T,SMMS,GDY,Guindy,14.87,SIG-GDY-64,SIGNALLING_CABLE,CABLE_INSULATION_DROP,Underground signaling multicore cable megger value below 1 MOhm/km,11.2,1,44.0,3.0,5,27.5,ROUTINE_CYCLE
SMMS-DEF-0248,S_AND_T,SMMS,GDY,Guindy,15.01,POINT-35,POINT_MACHINE,POINT_GROUND_CONNECTION_WEAR,Lock rod slack and stretcher bar clearance out of gauge,3.0,11,124.0,2.5,9,56.2,CRITICAL_EMERGENCY
SMMS-DEF-0249,S_AND_T,SMMS,SP,Saidapet,13.28,SIG-SP-57,POINT_MACHINE,POINT_GROUND_CONNECTION_WEAR,Lock rod slack and stretcher bar clearance out of gauge,12.3,7,70.8,2.5,9,54.1,CRITICAL_EMERGENCY
SMMS-DEF-0250,S_AND_T,SMMS,PV,Pallavaram,22.92,SIG-PV-98,ELECTRONIC_INTERLOCKING,ELECTRONIC_INTERLOCKING_CARD,Hot standby CPU card transient communication packet loss,12.8,14,259.0,1.5,10,74.3,CRITICAL_EMERGENCY
