defect_id,department,system_source,station_code,station_name,chainage_km,track_id,defect_category,defect_description,asset_age_years,overdue_days,gmt_traffic_load,speed_restriction_kmh,has_active_tsr,estimated_repair_hours,machinery_required,safety_risk_score,target_mpi_score,urgency_level
TMS-DEF-0001,ENGINEERING_CIVIL,TMS,UPM,Urapakkam,36.88,3RD_LINE_BIDIRECTIONAL,BALLAST_DEFICIENCY,Deep screening & shoulder cleaning required,4.3,4,22.7,0,0,4.5,BALLAST_CLEANER_BCM,4,24.5,ROUTINE_CYCLE
TMS-DEF-0002,ENGINEERING_CIVIL,TMS,GI,Guduvancheri,40.8,3RD_LINE_BIDIRECTIONAL,RAIL_FRACTURE_RISK,Fishplate bolt hole crack / micro-fracture near heat zone,9.7,30,19.1,15,1,3.5,EMERGENCY_RAIL_REPLACEMENT,10,74.7,CRITICAL_EMERGENCY
TMS-DEF-0003,ENGINEERING_CIVIL,TMS,MBM,Mambalam,11.3,LINE_1_SUBURBAN_DN,ROUTINE_FISHPLATE_GREASING,Periodic greasing of fishplates and checking torque bolts,3.6,13,40.1,0,0,1.5,MANUAL_GANG_TOOLS,3,28.9,ROUTINE_CYCLE
TMS-DEF-0004,ENGINEERING_CIVIL,TMS,TLM,Tirusulam,20.77,LINE_3_MAIN_DN,IMR_ULTRASONIC_FLAW,Immediate Removal rail flaw detected by USFD trolley,12.3,9,23.4,20,1,3.0,MANUAL_WELDING_GANG,9,57.1,CRITICAL_EMERGENCY
TMS-DEF-0005,ENGINEERING_CIVIL,TMS,SP,Saidapet,12.35,LINE_3_MAIN_DN,RAIL_FRACTURE_RISK,Fishplate bolt hole crack / micro-fracture near heat zone,1.9,1,21.3,30,1,3.5,EMERGENCY_RAIL_REPLACEMENT,10,50.9,CRITICAL_EMERGENCY
TMS-DEF-0006,ENGINEERING_CIVIL,TMS,SP,Saidapet,13.39,LINE_4_MAIN_UP,ROUTINE_FISHPLATE_GREASING,Periodic greasing of fishplates and checking torque bolts,2.4,1,49.4,0,0,1.5,MANUAL_GANG_TOOLS,1,11.8,ROUTINE_CYCLE
TMS-DEF-0007,ENGINEERING_CIVIL,TMS,TBM,Tambaram,28.81,LINE_3_MAIN_DN,BALLAST_PACKING_ROUTINE,Routine manual off-track shoulder ballast packing,3.5,0,20.4,0,0,2.0,OFF_TRACK_TAMPER,4,20.8,ROUTINE_CYCLE
TMS-DEF-0008,ENGINEERING_CIVIL,TMS,MBM,Mambalam,11.73,LINE_1_SUBURBAN_DN,WELD_COLLAR_FATIGUE,AT Weld visual defect exceeding permissible tolerance,13.9,20,30.9,50,1,2.5,AT_WELDING_CREW,7,57.1,HIGH_PRIORITY
TMS-DEF-0009,ENGINEERING_CIVIL,TMS,PZA,Pazhavanthangal,18.21,LINE_3_MAIN_DN,WELD_COLLAR_FATIGUE,AT Weld visual defect exceeding permissible tolerance,10.9,9,41.9,50,1,2.5,AT_WELDING_CREW,8,55.1,HIGH_PRIORITY
TMS-DEF-0010,ENGINEERING_CIVIL,TMS,MPK,Chennai Park,3.24,LINE_2_SUBURBAN_UP,ROUTINE_FISHPLATE_GREASING,Periodic greasing of fishplates and checking torque bolts,11.8,12,23.6,0,0,1.5,MANUAL_GANG_TOOLS,2,24.0,ROUTINE_CYCLE
TMS-DEF-0011,ENGINEERING_CIVIL,TMS,SP,Saidapet,13.68,LINE_2_SUBURBAN_UP,RAIL_FLANGE_LUBRICATION,Electronic track lubricator grease replenishment,5.5,0,44.1,0,0,1.0,MANUAL_MAINTENANCE_CREW,1,11.6,ROUTINE_CYCLE
TMS-DEF-0012,ENGINEERING_CIVIL,TMS,MBM,Mambalam,11.8,LINE_3_MAIN_DN,RAIL_CORRUGATION_WEAR,Severe rail corrugation and wheel burn marks,4.6,35,25.2,50,1,3.0,RAIL_GRINDING_MACHINE_RGM,7,61.8,HIGH_PRIORITY
TMS-DEF-0013,ENGINEERING_CIVIL,TMS,STM,St. Thomas Mount,16.66,LINE_4_MAIN_UP,RAIL_CORRUGATION_WEAR,Severe rail corrugation and wheel burn marks,14.2,17,39.9,0,0,3.0,RAIL_GRINDING_MACHINE_RGM,4,42.0,MEDIUM_PLANNED
TMS-DEF-0014,ENGINEERING_CIVIL,TMS,SP,Saidapet,12.32,LINE_3_MAIN_DN,BALLAST_PACKING_ROUTINE,Routine manual off-track shoulder ballast packing,7.1,2,37.8,0,0,2.0,OFF_TRACK_TAMPER,3,22.5,ROUTINE_CYCLE
TMS-DEF-0015,ENGINEERING_CIVIL,TMS,MBM,Mambalam,12.09,LINE_2_SUBURBAN_UP,ROUTINE_FISHPLATE_GREASING,Periodic greasing of fishplates and checking torque bolts,8.1,2,43.7,0,0,1.5,MANUAL_GANG_TOOLS,1,14.2,ROUTINE_CYCLE
TMS-DEF-0016,ENGINEERING_CIVIL,TMS,MSC,Chetpet,6.76,LINE_4_MAIN_UP,BALLAST_PACKING_ROUTINE,Routine manual off-track shoulder ballast packing,1.5,2,31.0,0,0,2.0,OFF_TRACK_TAMPER,3,18.3,ROUTINE_CYCLE
TMS-DEF-0017,ENGINEERING_CIVIL,TMS,TBMS,Tambaram Sanatorium,26.96,LINE_1_SUBURBAN_DN,RAIL_FLANGE_LUBRICATION,Electronic track lubricator grease replenishment,11.7,3,41.2,0,0,1.0,MANUAL_MAINTENANCE_CREW,3,26.2,ROUTINE_CYCLE
TMS-DEF-0018,ENGINEERING_CIVIL,TMS,SKL,Singaperumal Koil,51.11,3RD_LINE_BIDIRECTIONAL,SLEEPER_CRACK_FATIGUE,Prestressed concrete sleeper cracked under high axle load,2.2,7,32.8,0,0,2.5,SLEEPER_REPLACEMENT_TEAM,5,32.6,ROUTINE_CYCLE
TMS-DEF-0019,ENGINEERING_CIVIL,TMS,MSB,Chennai Beach,0.73,LINE_3_MAIN_DN,ROUTINE_FISHPLATE_GREASING,Periodic greasing of fishplates and checking torque bolts,12.3,5,35.3,0,0,1.5,MANUAL_GANG_TOOLS,1,16.7,ROUTINE_CYCLE
TMS-DEF-0020,ENGINEERING_CIVIL,TMS,UPM,Urapakkam,37.18,3RD_LINE_BIDIRECTIONAL,ROUTINE_FISHPLATE_GREASING,Periodic greasing of fishplates and checking torque bolts,9.9,3,23.2,0,0,1.5,MANUAL_GANG_TOOLS,1,11.7,ROUTINE_CYCLE
TMS-DEF-0021,ENGINEERING_CIVIL,TMS,TBM,Tambaram,29.87,3RD_LINE_BIDIRECTIONAL,IMR_ULTRASONIC_FLAW,Immediate Removal rail flaw detected by USFD trolley,9.8,9,34.6,0,0,3.0,MANUAL_WELDING_GANG,8,53.1,MEDIUM_PLANNED
TMS-DEF-0022,ENGINEERING_CIVIL,TMS,PZA,Pazhavanthangal,19.36,LINE_3_MAIN_DN,WELD_COLLAR_FATIGUE,AT Weld visual defect exceeding permissible tolerance,1.4,1,47.9,0,0,2.5,AT_WELDING_CREW,6,36.0,MEDIUM_PLANNED
TMS-DEF-0023,ENGINEERING_CIVIL,TMS,MPK,Chennai Park,3.44,LINE_1_SUBURBAN_DN,ROUTINE_FISHPLATE_GREASING,Periodic greasing of fishplates and checking torque bolts,12.4,3,22.4,0,0,1.5,MANUAL_GANG_TOOLS,2,17.8,ROUTINE_CYCLE
TMS-DEF-0024,ENGINEERING_CIVIL,TMS,TBM,Tambaram,28.6,LINE_4_MAIN_UP,WELD_COLLAR_FATIGUE,AT Weld visual defect exceeding permissible tolerance,14.9,4,43.7,0,0,2.5,AT_WELDING_CREW,8,54.0,MEDIUM_PLANNED
TMS-DEF-0025,ENGINEERING_CIVIL,TMS,MKK,Kodambakkam,10.02,LINE_4_MAIN_UP,RAIL_FLANGE_LUBRICATION,Electronic track lubricator grease replenishment,10.6,6,32.9,0,0,1.0,MANUAL_MAINTENANCE_CREW,3,26.1,ROUTINE_CYCLE
TMS-DEF-0026,ENGINEERING_CIVIL,TMS,PV,Pallavaram,22.54,LINE_2_SUBURBAN_UP,RAIL_FRACTURE_RISK,Fishplate bolt hole crack / micro-fracture near heat zone,5.7,15,38.0,30,1,3.5,EMERGENCY_RAIL_REPLACEMENT,9,61.0,CRITICAL_EMERGENCY
TMS-DEF-0027,ENGINEERING_CIVIL,TMS,MBM,Mambalam,10.5,LINE_1_SUBURBAN_DN,WELD_COLLAR_FATIGUE,AT Weld visual defect exceeding permissible tolerance,1.5,2,19.1,0,0,2.5,AT_WELDING_CREW,7,36.0,MEDIUM_PLANNED
TMS-DEF-0028,ENGINEERING_CIVIL,TMS,MPK,Chennai Park,3.09,LINE_3_MAIN_DN,RAIL_FLANGE_LUBRICATION,Electronic track lubricator grease replenishment,8.0,7,36.3,0,0,1.0,MANUAL_MAINTENANCE_CREW,3,26.2,ROUTINE_CYCLE
TMS-DEF-0029,ENGINEERING_CIVIL,TMS,PRGL,Perungalathur,32.76,LINE_1_SUBURBAN_DN,TURNOUT_STOCK_RAIL_WEAR,Tongue & stock rail wear at crossover points,13.0,8,24.5,0,0,3.5,PWAY_TURNOUT_CREW,6,42.0,MEDIUM_PLANNED
TMS-DEF-0030,ENGINEERING_CIVIL,TMS,GI,Guduvancheri,40.3,LINE_2_SUBURBAN_UP,RAIL_CORRUGATION_WEAR,Severe rail corrugation and wheel burn marks,7.7,0,42.8,0,0,3.0,RAIL_GRINDING_MACHINE_RGM,6,37.4,MEDIUM_PLANNED
TMS-DEF-0031,ENGINEERING_CIVIL,TMS,UPM,Urapakkam,38.27,LINE_1_SUBURBAN_DN,IMR_ULTRASONIC_FLAW,Immediate Removal rail flaw detected by USFD trolley,6.7,9,29.5,0,0,3.0,MANUAL_WELDING_GANG,8,50.5,MEDIUM_PLANNED
TMS-DEF-0032,ENGINEERING_CIVIL,TMS,MBM,Mambalam,10.8,LINE_4_MAIN_UP,TRACK_GEOMETRY_BAD_TGI,Track Geometry Index (TGI) below 60 requiring tamping,7.0,1,27.5,0,0,4.0,CSM_09_32_TAMPER,6,34.7,ROUTINE_CYCLE
TMS-DEF-0033,ENGINEERING_CIVIL,TMS,MPK,Chennai Park,2.98,LINE_1_SUBURBAN_DN,IMR_ULTRASONIC_FLAW,Immediate Removal rail flaw detected by USFD trolley,10.6,0,36.4,0,0,3.0,MANUAL_WELDING_GANG,8,47.6,MEDIUM_PLANNED
TMS-DEF-0034,ENGINEERING_CIVIL,TMS,MPK,Chennai Park,3.75,LINE_2_SUBURBAN_UP,TRACK_GEOMETRY_BAD_TGI,Track Geometry Index (TGI) below 60 requiring tamping,6.8,29,34.4,30,1,4.0,CSM_09_32_TAMPER,8,65.6,HIGH_PRIORITY
TMS-DEF-0035,ENGINEERING_CIVIL,TMS,NBK,Nungambakkam,7.96,LINE_4_MAIN_UP,BALLAST_DEFICIENCY,Deep screening & shoulder cleaning required,14.9,33,44.7,45,1,4.5,BALLAST_CLEANER_BCM,6,64.5,HIGH_PRIORITY
TMS-DEF-0036,ENGINEERING_CIVIL,TMS,POTI,Potheri,44.67,3RD_LINE_BIDIRECTIONAL,RAIL_FLANGE_LUBRICATION,Electronic track lubricator grease replenishment,11.6,16,23.3,0,0,1.0,MANUAL_MAINTENANCE_CREW,2,26.7,ROUTINE_CYCLE
TMS-DEF-0037,ENGINEERING_CIVIL,TMS,MKK,Kodambakkam,10.43,LINE_1_SUBURBAN_DN,SLEEPER_CRACK_FATIGUE,Prestressed concrete sleeper cracked under high axle load,1.4,3,37.9,0,0,2.5,SLEEPER_REPLACEMENT_TEAM,6,35.4,MEDIUM_PLANNED
TMS-DEF-0038,ENGINEERING_CIVIL,TMS,TBMS,Tambaram Sanatorium,26.81,LINE_1_SUBURBAN_DN,TRACK_GEOMETRY_BAD_TGI,Track Geometry Index (TGI) below 60 requiring tamping,1.6,1,20.3,0,0,4.0,CSM_09_32_TAMPER,6,30.6,ROUTINE_CYCLE
TMS-DEF-0039,ENGINEERING_CIVIL,TMS,MN,Meenambakkam,19.43,LINE_2_SUBURBAN_UP,BALLAST_PACKING_ROUTINE,Routine manual off-track shoulder ballast packing,9.7,11,39.1,0,0,2.0,OFF_TRACK_TAMPER,3,30.4,ROUTINE_CYCLE
TMS-DEF-0040,ENGINEERING_CIVIL,TMS,GI,Guduvancheri,40.54,3RD_LINE_BIDIRECTIONAL,SLEEPER_CRACK_FATIGUE,Prestressed concrete sleeper cracked under high axle load,15.0,5,24.9,0,0,2.5,SLEEPER_REPLACEMENT_TEAM,6,41.0,MEDIUM_PLANNED
TMS-DEF-0041,ENGINEERING_CIVIL,TMS,STM,St. Thomas Mount,16.7,LINE_4_MAIN_UP,TRACK_GEOMETRY_BAD_TGI,Track Geometry Index (TGI) below 60 requiring tamping,10.9,1,28.2,0,0,4.0,CSM_09_32_TAMPER,7,41.8,MEDIUM_PLANNED
TMS-DEF-0042,ENGINEERING_CIVIL,TMS,SKL,Singaperumal Koil,52.18,LINE_1_SUBURBAN_DN,TURNOUT_STOCK_RAIL_WEAR,Tongue & stock rail wear at crossover points,10.1,6,37.1,0,0,3.5,PWAY_TURNOUT_CREW,6,41.7,MEDIUM_PLANNED
TMS-DEF-0043,ENGINEERING_CIVIL,TMS,MPK,Chennai Park,3.13,LINE_3_MAIN_DN,TRACK_GEOMETRY_BAD_TGI,Track Geometry Index (TGI) below 60 requiring tamping,15.0,0,47.9,0,0,4.0,CSM_09_32_TAMPER,6,42.1,MEDIUM_PLANNED
TMS-DEF-0044,ENGINEERING_CIVIL,TMS,PZA,Pazhavanthangal,18.41,LINE_4_MAIN_UP,ROUTINE_FISHPLATE_GREASING,Periodic greasing of fishplates and checking torque bolts,11.4,24,38.8,0,0,1.5,MANUAL_GANG_TOOLS,3,40.3,MEDIUM_PLANNED
TMS-DEF-0045,ENGINEERING_CIVIL,TMS,TBMS,Tambaram Sanatorium,26.57,LINE_3_MAIN_DN,RAIL_FLANGE_LUBRICATION,Electronic track lubricator grease replenishment,2.1,2,47.9,0,0,1.0,MANUAL_MAINTENANCE_CREW,2,17.0,ROUTINE_CYCLE
TMS-DEF-0046,ENGINEERING_CIVIL,TMS,MS,Chennai Egmore,4.94,LINE_2_SUBURBAN_UP,BALLAST_DEFICIENCY,Deep screening & shoulder cleaning required,4.9,10,25.2,0,0,4.5,BALLAST_CLEANER_BCM,5,34.5,ROUTINE_CYCLE
TMS-DEF-0047,ENGINEERING_CIVIL,TMS,MKK,Kodambakkam,9.98,LINE_3_MAIN_DN,ROUTINE_FISHPLATE_GREASING,Periodic greasing of fishplates and checking torque bolts,8.1,3,48.8,0,0,1.5,MANUAL_GANG_TOOLS,1,15.9,ROUTINE_CYCLE
TMS-DEF-0048,ENGINEERING_CIVIL,TMS,MPK,Chennai Park,3.28,LINE_3_MAIN_DN,IMR_ULTRASONIC_FLAW,Immediate Removal rail flaw detected by USFD trolley,0.6,7,44.2,20,1,3.0,MANUAL_WELDING_GANG,10,59.0,CRITICAL_EMERGENCY
TMS-DEF-0049,ENGINEERING_CIVIL,TMS,NBK,Nungambakkam,8.54,LINE_4_MAIN_UP,ROUTINE_FISHPLATE_GREASING,Periodic greasing of fishplates and checking torque bolts,0.6,7,20.6,0,0,1.5,MANUAL_GANG_TOOLS,3,19.3,ROUTINE_CYCLE
TMS-DEF-0050,ENGINEERING_CIVIL,TMS,MSC,Chetpet,6.63,LINE_3_MAIN_DN,BALLAST_PACKING_ROUTINE,Routine manual off-track shoulder ballast packing,9.1,2,32.6,0,0,2.0,OFF_TRACK_TAMPER,2,17.5,ROUTINE_CYCLE
TMS-DEF-0051,ENGINEERING_CIVIL,TMS,GDY,Guindy,14.79,LINE_1_SUBURBAN_DN,SLEEPER_CRACK_FATIGUE,Prestressed concrete sleeper cracked under high axle load,3.8,34,26.5,0,0,2.5,SLEEPER_REPLACEMENT_TEAM,5,51.0,MEDIUM_PLANNED
TMS-DEF-0052,ENGINEERING_CIVIL,TMS,PZA,Pazhavanthangal,19.2,LINE_4_MAIN_UP,BALLAST_PACKING_ROUTINE,Routine manual off-track shoulder ballast packing,12.1,14,49.5,0,0,2.0,OFF_TRACK_TAMPER,2,30.7,ROUTINE_CYCLE
TMS-DEF-0053,ENGINEERING_CIVIL,TMS,NBK,Nungambakkam,8.91,LINE_2_SUBURBAN_UP,RAIL_CORRUGATION_WEAR,Severe rail corrugation and wheel burn marks,0.9,28,43.0,0,0,3.0,RAIL_GRINDING_MACHINE_RGM,6,53.6,MEDIUM_PLANNED
TMS-DEF-0054,ENGINEERING_CIVIL,TMS,CGL,Chengalpattu Junction,59.7,3RD_LINE_BIDIRECTIONAL,WELD_COLLAR_FATIGUE,AT Weld visual defect exceeding permissible tolerance,4.6,22,44.8,0,0,2.5,AT_WELDING_CREW,6,51.7,MEDIUM_PLANNED
TMS-DEF-0055,ENGINEERING_CIVIL,TMS,MN,Meenambakkam,20.64,LINE_4_MAIN_UP,WELD_COLLAR_FATIGUE,AT Weld visual defect exceeding permissible tolerance,3.6,9,49.2,0,0,2.5,AT_WELDING_CREW,7,47.9,MEDIUM_PLANNED
TMS-DEF-0056,ENGINEERING_CIVIL,TMS,GDY,Guindy,15.52,LINE_2_SUBURBAN_UP,WELD_COLLAR_FATIGUE,AT Weld visual defect exceeding permissible tolerance,0.9,25,24.6,0,0,2.5,AT_WELDING_CREW,7,52.9,MEDIUM_PLANNED
TMS-DEF-0057,ENGINEERING_CIVIL,TMS,SP,Saidapet,13.48,LINE_3_MAIN_DN,SLEEPER_CRACK_FATIGUE,Prestressed concrete sleeper cracked under high axle load,10.4,0,31.6,0,0,2.5,SLEEPER_REPLACEMENT_TEAM,6,36.5,MEDIUM_PLANNED
TMS-DEF-0058,ENGINEERING_CIVIL,TMS,STM,St. Thomas Mount,17.82,LINE_1_SUBURBAN_DN,BALLAST_DEFICIENCY,Deep screening & shoulder cleaning required,3.3,2,50.7,0,0,4.5,BALLAST_CLEANER_BCM,5,33.2,ROUTINE_CYCLE
TMS-DEF-0059,ENGINEERING_CIVIL,TMS,MSF,Chennai Fort,1.17,LINE_4_MAIN_UP,SLEEPER_CRACK_FATIGUE,Prestressed concrete sleeper cracked under high axle load,11.8,0,28.7,0,0,2.5,SLEEPER_REPLACEMENT_TEAM,6,36.6,MEDIUM_PLANNED
TMS-DEF-0060,ENGINEERING_CIVIL,TMS,TBMS,Tambaram Sanatorium,26.75,LINE_2_SUBURBAN_UP,BALLAST_DEFICIENCY,Deep screening & shoulder cleaning required,1.2,3,32.8,0,0,4.5,BALLAST_CLEANER_BCM,6,34.3,ROUTINE_CYCLE
TMS-DEF-0061,ENGINEERING_CIVIL,TMS,CGL,Chengalpattu Junction,59.7,3RD_LINE_BIDIRECTIONAL,RAIL_FLANGE_LUBRICATION,Electronic track lubricator grease replenishment,3.6,4,32.7,0,0,1.0,MANUAL_MAINTENANCE_CREW,3,21.1,ROUTINE_CYCLE
TMS-DEF-0062,ENGINEERING_CIVIL,TMS,STM,St. Thomas Mount,17.32,LINE_1_SUBURBAN_DN,BALLAST_DEFICIENCY,Deep screening & shoulder cleaning required,8.4,3,40.7,0,0,4.5,BALLAST_CLEANER_BCM,5,34.4,ROUTINE_CYCLE
TMS-DEF-0063,ENGINEERING_CIVIL,TMS,MN,Meenambakkam,20.36,LINE_2_SUBURBAN_UP,WELD_COLLAR_FATIGUE,AT Weld visual defect exceeding permissible tolerance,7.0,17,50.0,50,1,2.5,AT_WELDING_CREW,8,60.4,HIGH_PRIORITY
TMS-DEF-0064,ENGINEERING_CIVIL,TMS,NBK,Nungambakkam,8.33,LINE_3_MAIN_DN,RAIL_CORRUGATION_WEAR,Severe rail corrugation and wheel burn marks,9.0,4,18.0,0,0,3.0,RAIL_GRINDING_MACHINE_RGM,5,30.9,ROUTINE_CYCLE
TMS-DEF-0065,ENGINEERING_CIVIL,TMS,MKK,Kodambakkam,9.57,LINE_3_MAIN_DN,TURNOUT_STOCK_RAIL_WEAR,Tongue & stock rail wear at crossover points,7.3,3,41.0,0,0,3.5,PWAY_TURNOUT_CREW,8,49.0,MEDIUM_PLANNED
TMS-DEF-0066,ENGINEERING_CIVIL,TMS,CMP,Chromepet,25.82,LINE_2_SUBURBAN_UP,RAIL_FLANGE_LUBRICATION,Electronic track lubricator grease replenishment,1.8,7,35.5,0,0,1.0,MANUAL_MAINTENANCE_CREW,3,22.9,ROUTINE_CYCLE
TMS-DEF-0067,ENGINEERING_CIVIL,TMS,VDR,Vandalur,34.18,LINE_1_SUBURBAN_DN,RAIL_FLANGE_LUBRICATION,Electronic track lubricator grease replenishment,5.3,1,45.4,0,0,1.0,MANUAL_MAINTENANCE_CREW,1,12.4,ROUTINE_CYCLE
TMS-DEF-0068,ENGINEERING_CIVIL,TMS,MSB,Chennai Beach,0.1,LINE_4_MAIN_UP,BALLAST_PACKING_ROUTINE,Routine manual off-track shoulder ballast packing,13.7,16,20.5,0,0,2.0,OFF_TRACK_TAMPER,3,32.1,ROUTINE_CYCLE
TMS-DEF-0069,ENGINEERING_CIVIL,TMS,UPM,Urapakkam,37.62,3RD_LINE_BIDIRECTIONAL,RAIL_CORRUGATION_WEAR,Severe rail corrugation and wheel burn marks,8.2,0,26.3,0,0,3.0,RAIL_GRINDING_MACHINE_RGM,6,34.4,ROUTINE_CYCLE
TMS-DEF-0070,ENGINEERING_CIVIL,TMS,POTI,Potheri,43.15,LINE_1_SUBURBAN_DN,RAIL_CORRUGATION_WEAR,Severe rail corrugation and wheel burn marks,3.9,43,45.3,50,1,3.0,RAIL_GRINDING_MACHINE_RGM,7,71.1,HIGH_PRIORITY
TMS-DEF-0071,ENGINEERING_CIVIL,TMS,PV,Pallavaram,22.43,LINE_2_SUBURBAN_UP,RAIL_FRACTURE_RISK,Fishplate bolt hole crack / micro-fracture near heat zone,7.6,14,45.2,20,1,3.5,EMERGENCY_RAIL_REPLACEMENT,10,67.6,CRITICAL_EMERGENCY
TMS-DEF-0072,ENGINEERING_CIVIL,TMS,VDR,Vandalur,34.94,3RD_LINE_BIDIRECTIONAL,RAIL_CORRUGATION_WEAR,Severe rail corrugation and wheel burn marks,13.4,2,36.6,0,0,3.0,RAIL_GRINDING_MACHINE_RGM,4,30.4,ROUTINE_CYCLE
TMS-DEF-0073,ENGINEERING_CIVIL,TMS,MMNK,Maraimalai Nagar,47.54,LINE_2_SUBURBAN_UP,BALLAST_DEFICIENCY,Deep screening & shoulder cleaning required,12.2,0,46.6,0,0,4.5,BALLAST_CLEANER_BCM,5,35.4,MEDIUM_PLANNED
TMS-DEF-0074,ENGINEERING_CIVIL,TMS,SKL,Singaperumal Koil,51.92,LINE_2_SUBURBAN_UP,RAIL_FLANGE_LUBRICATION,Electronic track lubricator grease replenishment,4.2,16,33.0,0,0,1.0,MANUAL_MAINTENANCE_CREW,3,29.9,ROUTINE_CYCLE
TMS-DEF-0075,ENGINEERING_CIVIL,TMS,GDY,Guindy,14.59,LINE_3_MAIN_DN,SLEEPER_CRACK_FATIGUE,Prestressed concrete sleeper cracked under high axle load,14.3,12,20.7,0,0,2.5,SLEEPER_REPLACEMENT_TEAM,4,34.7,ROUTINE_CYCLE
TMS-DEF-0076,ENGINEERING_CIVIL,TMS,MBM,Mambalam,11.1,LINE_2_SUBURBAN_UP,WELD_COLLAR_FATIGUE,AT Weld visual defect exceeding permissible tolerance,1.5,13,31.9,0,0,2.5,AT_WELDING_CREW,8,51.2,MEDIUM_PLANNED
TMS-DEF-0077,ENGINEERING_CIVIL,TMS,PV,Pallavaram,23.02,LINE_2_SUBURBAN_UP,RAIL_CORRUGATION_WEAR,Severe rail corrugation and wheel burn marks,6.5,14,44.2,0,0,3.0,RAIL_GRINDING_MACHINE_RGM,6,46.9,MEDIUM_PLANNED
TMS-DEF-0078,ENGINEERING_CIVIL,TMS,MSB,Chennai Beach,0.57,LINE_4_MAIN_UP,TURNOUT_STOCK_RAIL_WEAR,Tongue & stock rail wear at crossover points,0.6,0,30.0,0,0,3.5,PWAY_TURNOUT_CREW,7,36.3,MEDIUM_PLANNED
TMS-DEF-0079,ENGINEERING_CIVIL,TMS,TLM,Tirusulam,21.28,LINE_2_SUBURBAN_UP,TURNOUT_STOCK_RAIL_WEAR,Tongue & stock rail wear at crossover points,3.9,4,32.8,0,0,3.5,PWAY_TURNOUT_CREW,6,36.3,MEDIUM_PLANNED
TMS-DEF-0080,ENGINEERING_CIVIL,TMS,MN,Meenambakkam,19.78,LINE_4_MAIN_UP,TRACK_GEOMETRY_BAD_TGI,Track Geometry Index (TGI) below 60 requiring tamping,13.5,1,49.3,0,0,4.0,CSM_09_32_TAMPER,8,52.3,MEDIUM_PLANNED
TMS-DEF-0081,ENGINEERING_CIVIL,TMS,TBM,Tambaram,28.38,LINE_4_MAIN_UP,BALLAST_PACKING_ROUTINE,Routine manual off-track shoulder ballast packing,9.2,19,18.9,0,0,2.0,OFF_TRACK_TAMPER,4,36.7,MEDIUM_PLANNED
TMS-DEF-0082,ENGINEERING_CIVIL,TMS,TLM,Tirusulam,20.64,LINE_4_MAIN_UP,TRACK_GEOMETRY_BAD_TGI,Track Geometry Index (TGI) below 60 requiring tamping,1.3,9,30.9,0,0,4.0,CSM_09_32_TAMPER,6,38.1,MEDIUM_PLANNED
TMS-DEF-0083,ENGINEERING_CIVIL,TMS,PV,Pallavaram,22.87,LINE_4_MAIN_UP,BALLAST_DEFICIENCY,Deep screening & shoulder cleaning required,12.2,4,46.3,0,0,4.5,BALLAST_CLEANER_BCM,5,38.2,MEDIUM_PLANNED
TMS-DEF-0084,ENGINEERING_CIVIL,TMS,MPK,Chennai Park,3.02,LINE_1_SUBURBAN_DN,SLEEPER_CRACK_FATIGUE,Prestressed concrete sleeper cracked under high axle load,4.0,0,20.3,0,0,2.5,SLEEPER_REPLACEMENT_TEAM,6,31.1,ROUTINE_CYCLE
TMS-DEF-0085,ENGINEERING_CIVIL,TMS,MSF,Chennai Fort,2.21,LINE_2_SUBURBAN_UP,WELD_COLLAR_FATIGUE,AT Weld visual defect exceeding permissible tolerance,13.5,3,39.1,0,0,2.5,AT_WELDING_CREW,6,41.7,MEDIUM_PLANNED
TMS-DEF-0086,ENGINEERING_CIVIL,TMS,MSC,Chetpet,6.52,LINE_1_SUBURBAN_DN,BALLAST_PACKING_ROUTINE,Routine manual off-track shoulder ballast packing,15.2,3,33.8,0,0,2.0,OFF_TRACK_TAMPER,3,26.5,ROUTINE_CYCLE
TMS-DEF-0087,ENGINEERING_CIVIL,TMS,SKL,Singaperumal Koil,51.27,3RD_LINE_BIDIRECTIONAL,BALLAST_PACKING_ROUTINE,Routine manual off-track shoulder ballast packing,15.4,13,42.4,0,0,2.0,OFF_TRACK_TAMPER,2,30.3,ROUTINE_CYCLE
TMS-DEF-0088,ENGINEERING_CIVIL,TMS,GDY,Guindy,14.38,LINE_1_SUBURBAN_DN,BALLAST_DEFICIENCY,Deep screening & shoulder cleaning required,9.4,10,48.9,0,0,4.5,BALLAST_CLEANER_BCM,5,41.5,MEDIUM_PLANNED
TMS-DEF-0089,ENGINEERING_CIVIL,TMS,MN,Meenambakkam,20.75,LINE_2_SUBURBAN_UP,RAIL_FRACTURE_RISK,Fishplate bolt hole crack / micro-fracture near heat zone,9.7,21,46.2,15,1,3.5,EMERGENCY_RAIL_REPLACEMENT,9,68.8,CRITICAL_EMERGENCY
TMS-DEF-0090,ENGINEERING_CIVIL,TMS,POTI,Potheri,44.38,3RD_LINE_BIDIRECTIONAL,BALLAST_PACKING_ROUTINE,Routine manual off-track shoulder ballast packing,13.0,6,45.1,0,0,2.0,OFF_TRACK_TAMPER,4,34.7,ROUTINE_CYCLE
TMS-DEF-0091,ENGINEERING_CIVIL,TMS,CGL,Chengalpattu Junction,59.11,3RD_LINE_BIDIRECTIONAL,RAIL_CORRUGATION_WEAR,Severe rail corrugation and wheel burn marks,10.8,1,20.3,0,0,3.0,RAIL_GRINDING_MACHINE_RGM,6,35.2,MEDIUM_PLANNED
TMS-DEF-0092,ENGINEERING_CIVIL,TMS,STM,St. Thomas Mount,16.34,LINE_4_MAIN_UP,TURNOUT_STOCK_RAIL_WEAR,Tongue & stock rail wear at crossover points,2.1,12,50.7,0,0,3.5,PWAY_TURNOUT_CREW,8,54.6,MEDIUM_PLANNED
TMS-DEF-0093,ENGINEERING_CIVIL,TMS,PV,Pallavaram,23.48,LINE_4_MAIN_UP,TRACK_GEOMETRY_BAD_TGI,Track Geometry Index (TGI) below 60 requiring tamping,11.9,14,50.8,50,1,4.0,CSM_09_32_TAMPER,7,55.9,HIGH_PRIORITY
TMS-DEF-0094,ENGINEERING_CIVIL,TMS,CGL,Chengalpattu Junction,59.7,LINE_2_SUBURBAN_UP,TURNOUT_STOCK_RAIL_WEAR,Tongue & stock rail wear at crossover points,7.3,8,42.9,0,0,3.5,PWAY_TURNOUT_CREW,7,47.8,MEDIUM_PLANNED
TMS-DEF-0095,ENGINEERING_CIVIL,TMS,STM,St. Thomas Mount,17.68,LINE_1_SUBURBAN_DN,BALLAST_DEFICIENCY,Deep screening & shoulder cleaning required,14.2,14,26.3,0,0,4.5,BALLAST_CLEANER_BCM,5,42.2,MEDIUM_PLANNED
TMS-DEF-0096,ENGINEERING_CIVIL,TMS,PRGL,Perungalathur,32.82,LINE_2_SUBURBAN_UP,SLEEPER_CRACK_FATIGUE,Prestressed concrete sleeper cracked under high axle load,0.9,6,46.9,0,0,2.5,SLEEPER_REPLACEMENT_TEAM,4,29.0,ROUTINE_CYCLE
TMS-DEF-0097,ENGINEERING_CIVIL,TMS,CMP,Chromepet,24.89,LINE_3_MAIN_DN,SLEEPER_CRACK_FATIGUE,Prestressed concrete sleeper cracked under high axle load,4.8,7,38.3,0,0,2.5,SLEEPER_REPLACEMENT_TEAM,5,35.0,MEDIUM_PLANNED
TMS-DEF-0098,ENGINEERING_CIVIL,TMS,TBM,Tambaram,28.36,LINE_2_SUBURBAN_UP,RAIL_FRACTURE_RISK,Fishplate bolt hole crack / micro-fracture near heat zone,4.2,5,31.8,30,1,3.5,EMERGENCY_RAIL_REPLACEMENT,9,52.0,CRITICAL_EMERGENCY
TMS-DEF-0099,ENGINEERING_CIVIL,TMS,CMP,Chromepet,25.58,LINE_4_MAIN_UP,TURNOUT_STOCK_RAIL_WEAR,Tongue & stock rail wear at crossover points,12.8,0,21.2,0,0,3.5,PWAY_TURNOUT_CREW,6,35.6,MEDIUM_PLANNED
TMS-DEF-0100,ENGINEERING_CIVIL,TMS,MN,Meenambakkam,20.35,LINE_3_MAIN_DN,RAIL_FLANGE_LUBRICATION,Electronic track lubricator grease replenishment,9.5,1,34.1,0,0,1.0,MANUAL_MAINTENANCE_CREW,3,22.3,ROUTINE_CYCLE
TMS-DEF-0101,ENGINEERING_CIVIL,TMS,PZA,Pazhavanthangal,18.63,LINE_3_MAIN_DN,SLEEPER_CRACK_FATIGUE,Prestressed concrete sleeper cracked under high axle load,11.4,0,27.2,0,0,2.5,SLEEPER_REPLACEMENT_TEAM,5,31.1,ROUTINE_CYCLE
TMS-DEF-0102,ENGINEERING_CIVIL,TMS,MBM,Mambalam,10.68,LINE_2_SUBURBAN_UP,SLEEPER_CRACK_FATIGUE,Prestressed concrete sleeper cracked under high axle load,2.4,10,36.2,0,0,2.5,SLEEPER_REPLACEMENT_TEAM,6,40.4,MEDIUM_PLANNED
TMS-DEF-0103,ENGINEERING_CIVIL,TMS,NBK,Nungambakkam,7.66,LINE_4_MAIN_UP,BALLAST_DEFICIENCY,Deep screening & shoulder cleaning required,11.7,3,51.2,0,0,4.5,BALLAST_CLEANER_BCM,6,43.2,MEDIUM_PLANNED
TMS-DEF-0104,ENGINEERING_CIVIL,TMS,VDR,Vandalur,34.09,LINE_1_SUBURBAN_DN,WELD_COLLAR_FATIGUE,AT Weld visual defect exceeding permissible tolerance,5.1,7,30.3,0,0,2.5,AT_WELDING_CREW,7,43.5,MEDIUM_PLANNED
TMS-DEF-0105,ENGINEERING_CIVIL,TMS,MSB,Chennai Beach,0.33,LINE_2_SUBURBAN_UP,BALLAST_DEFICIENCY,Deep screening & shoulder cleaning required,1.2,23,19.9,0,0,4.5,BALLAST_CLEANER_BCM,5,40.7,MEDIUM_PLANNED
TMS-DEF-0106,ENGINEERING_CIVIL,TMS,POTI,Potheri,44.65,3RD_LINE_BIDIRECTIONAL,TURNOUT_STOCK_RAIL_WEAR,Tongue & stock rail wear at crossover points,2.1,2,18.4,0,0,3.5,PWAY_TURNOUT_CREW,7,36.1,MEDIUM_PLANNED
TMS-DEF-0107,ENGINEERING_CIVIL,TMS,CMP,Chromepet,25.32,LINE_3_MAIN_DN,TRACK_GEOMETRY_BAD_TGI,Track Geometry Index (TGI) below 60 requiring tamping,15.5,5,26.6,0,0,4.0,CSM_09_32_TAMPER,7,46.6,MEDIUM_PLANNED
TMS-DEF-0108,ENGINEERING_CIVIL,TMS,MS,Chennai Egmore,4.84,LINE_4_MAIN_UP,TURNOUT_STOCK_RAIL_WEAR,Tongue & stock rail wear at crossover points,1.6,14,39.4,0,0,3.5,PWAY_TURNOUT_CREW,6,43.5,MEDIUM_PLANNED
TMS-DEF-0109,ENGINEERING_CIVIL,TMS,MSC,Chetpet,6.0,LINE_3_MAIN_DN,RAIL_FRACTURE_RISK,Fishplate bolt hole crack / micro-fracture near heat zone,15.9,2,22.0,30,1,3.5,EMERGENCY_RAIL_REPLACEMENT,10,58.8,CRITICAL_EMERGENCY
TMS-DEF-0110,ENGINEERING_CIVIL,TMS,VDR,Vandalur,34.91,LINE_1_SUBURBAN_DN,ROUTINE_FISHPLATE_GREASING,Periodic greasing of fishplates and checking torque bolts,6.4,0,48.9,0,0,1.5,MANUAL_GANG_TOOLS,2,18.0,ROUTINE_CYCLE
TMS-DEF-0111,ENGINEERING_CIVIL,TMS,PRGL,Perungalathur,33.42,LINE_2_SUBURBAN_UP,BALLAST_PACKING_ROUTINE,Routine manual off-track shoulder ballast packing,10.1,3,38.7,0,0,2.0,OFF_TRACK_TAMPER,4,29.9,ROUTINE_CYCLE
TMS-DEF-0112,ENGINEERING_CIVIL,TMS,MS,Chennai Egmore,5.04,LINE_2_SUBURBAN_UP,RAIL_FLANGE_LUBRICATION,Electronic track lubricator grease replenishment,3.8,1,40.5,0,0,1.0,MANUAL_MAINTENANCE_CREW,1,10.7,ROUTINE_CYCLE
TMS-DEF-0113,ENGINEERING_CIVIL,TMS,MBM,Mambalam,10.77,LINE_1_SUBURBAN_DN,TRACK_GEOMETRY_BAD_TGI,Track Geometry Index (TGI) below 60 requiring tamping,0.5,26,33.3,20,1,4.0,CSM_09_32_TAMPER,9,65.1,CRITICAL_EMERGENCY
TMS-DEF-0114,ENGINEERING_CIVIL,TMS,GDY,Guindy,14.26,LINE_3_MAIN_DN,BALLAST_DEFICIENCY,Deep screening & shoulder cleaning required,11.4,16,33.4,0,0,4.5,BALLAST_CLEANER_BCM,6,48.6,MEDIUM_PLANNED
TMS-DEF-0115,ENGINEERING_CIVIL,TMS,MBM,Mambalam,11.97,LINE_2_SUBURBAN_UP,RAIL_CORRUGATION_WEAR,Severe rail corrugation and wheel burn marks,2.3,10,25.6,0,0,3.0,RAIL_GRINDING_MACHINE_RGM,4,28.3,ROUTINE_CYCLE
TMS-DEF-0116,ENGINEERING_CIVIL,TMS,SP,Saidapet,13.42,LINE_1_SUBURBAN_DN,IMR_ULTRASONIC_FLAW,Immediate Removal rail flaw detected by USFD trolley,3.1,20,28.5,30,1,3.0,MANUAL_WELDING_GANG,10,66.2,CRITICAL_EMERGENCY
TMS-DEF-0117,ENGINEERING_CIVIL,TMS,GDY,Guindy,14.91,LINE_4_MAIN_UP,BALLAST_DEFICIENCY,Deep screening & shoulder cleaning required,11.3,16,50.1,0,0,4.5,BALLAST_CLEANER_BCM,6,51.9,MEDIUM_PLANNED
TMS-DEF-0118,ENGINEERING_CIVIL,TMS,TBM,Tambaram,29.13,LINE_1_SUBURBAN_DN,BALLAST_PACKING_ROUTINE,Routine manual off-track shoulder ballast packing,1.1,2,32.7,0,0,2.0,OFF_TRACK_TAMPER,3,18.5,ROUTINE_CYCLE
TMS-DEF-0119,ENGINEERING_CIVIL,TMS,VDR,Vandalur,34.04,LINE_1_SUBURBAN_DN,WELD_COLLAR_FATIGUE,AT Weld visual defect exceeding permissible tolerance,15.4,22,46.4,50,1,2.5,AT_WELDING_CREW,8,67.4,HIGH_PRIORITY
TMS-DEF-0120,ENGINEERING_CIVIL,TMS,MSB,Chennai Beach,0.8,LINE_3_MAIN_DN,BALLAST_PACKING_ROUTINE,Routine manual off-track shoulder ballast packing,1.1,7,43.7,0,0,2.0,OFF_TRACK_TAMPER,3,24.2,ROUTINE_CYCLE
TMS-DEF-0121,ENGINEERING_CIVIL,TMS,TBMS,Tambaram Sanatorium,27.6,LINE_3_MAIN_DN,TRACK_GEOMETRY_BAD_TGI,Track Geometry Index (TGI) below 60 requiring tamping,16.0,16,32.8,30,1,4.0,CSM_09_32_TAMPER,7,55.8,HIGH_PRIORITY
TMS-DEF-0122,ENGINEERING_CIVIL,TMS,CMP,Chromepet,25.11,LINE_3_MAIN_DN,SLEEPER_CRACK_FATIGUE,Prestressed concrete sleeper cracked under high axle load,10.9,22,47.2,0,0,2.5,SLEEPER_REPLACEMENT_TEAM,5,50.3,MEDIUM_PLANNED
TMS-DEF-0123,ENGINEERING_CIVIL,TMS,TLM,Tirusulam,21.53,LINE_3_MAIN_DN,RAIL_FLANGE_LUBRICATION,Electronic track lubricator grease replenishment,15.2,3,45.7,0,0,1.0,MANUAL_MAINTENANCE_CREW,3,28.8,ROUTINE_CYCLE
TMS-DEF-0124,ENGINEERING_CIVIL,TMS,MSF,Chennai Fort,1.73,LINE_3_MAIN_DN,BALLAST_DEFICIENCY,Deep screening & shoulder cleaning required,5.5,1,51.0,0,0,4.5,BALLAST_CLEANER_BCM,5,33.6,ROUTINE_CYCLE
TMS-DEF-0125,ENGINEERING_CIVIL,TMS,TBMS,Tambaram Sanatorium,27.88,LINE_1_SUBURBAN_DN,RAIL_FLANGE_LUBRICATION,Electronic track lubricator grease replenishment,14.0,2,33.7,0,0,1.0,MANUAL_MAINTENANCE_CREW,1,15.1,ROUTINE_CYCLE
TMS-DEF-0126,ENGINEERING_CIVIL,TMS,MKK,Kodambakkam,9.71,LINE_4_MAIN_UP,RAIL_FLANGE_LUBRICATION,Electronic track lubricator grease replenishment,7.4,5,19.8,0,0,1.0,MANUAL_MAINTENANCE_CREW,2,16.2,ROUTINE_CYCLE
TMS-DEF-0127,ENGINEERING_CIVIL,TMS,TBM,Tambaram,28.55,LINE_3_MAIN_DN,TURNOUT_STOCK_RAIL_WEAR,Tongue & stock rail wear at crossover points,14.2,17,34.5,0,0,3.5,PWAY_TURNOUT_CREW,6,50.9,MEDIUM_PLANNED
TMS-DEF-0128,ENGINEERING_CIVIL,TMS,UPM,Urapakkam,37.67,LINE_1_SUBURBAN_DN,TRACK_GEOMETRY_BAD_TGI,Track Geometry Index (TGI) below 60 requiring tamping,5.3,19,18.5,0,0,4.0,CSM_09_32_TAMPER,7,49.6,MEDIUM_PLANNED
TMS-DEF-0129,ENGINEERING_CIVIL,TMS,MPK,Chennai Park,2.63,LINE_1_SUBURBAN_DN,TURNOUT_STOCK_RAIL_WEAR,Tongue & stock rail wear at crossover points,15.2,0,40.0,0,0,3.5,PWAY_TURNOUT_CREW,6,40.6,MEDIUM_PLANNED
TMS-DEF-0130,ENGINEERING_CIVIL,TMS,CMP,Chromepet,26.04,LINE_3_MAIN_DN,ROUTINE_FISHPLATE_GREASING,Periodic greasing of fishplates and checking torque bolts,11.4,7,32.1,0,0,1.5,MANUAL_GANG_TOOLS,2,22.0,ROUTINE_CYCLE
TMS-DEF-0131,ENGINEERING_CIVIL,TMS,CMP,Chromepet,24.94,LINE_2_SUBURBAN_UP,RAIL_CORRUGATION_WEAR,Severe rail corrugation and wheel burn marks,3.5,5,38.4,0,0,3.0,RAIL_GRINDING_MACHINE_RGM,6,37.9,MEDIUM_PLANNED
TMS-DEF-0132,ENGINEERING_CIVIL,TMS,MSC,Chetpet,7.14,LINE_3_MAIN_DN,RAIL_CORRUGATION_WEAR,Severe rail corrugation and wheel burn marks,5.8,2,44.8,0,0,3.0,RAIL_GRINDING_MACHINE_RGM,5,33.3,ROUTINE_CYCLE
TMS-DEF-0133,ENGINEERING_CIVIL,TMS,MSB,Chennai Beach,0.1,LINE_3_MAIN_DN,BALLAST_PACKING_ROUTINE,Routine manual off-track shoulder ballast packing,9.5,1,40.4,0,0,2.0,OFF_TRACK_TAMPER,2,18.5,ROUTINE_CYCLE
TMS-DEF-0134,ENGINEERING_CIVIL,TMS,PV,Pallavaram,23.21,LINE_3_MAIN_DN,SLEEPER_CRACK_FATIGUE,Prestressed concrete sleeper cracked under high axle load,9.1,4,36.5,0,0,2.5,SLEEPER_REPLACEMENT_TEAM,5,34.6,ROUTINE_CYCLE
TMS-DEF-0135,ENGINEERING_CIVIL,TMS,STM,St. Thomas Mount,17.71,LINE_2_SUBURBAN_UP,BALLAST_PACKING_ROUTINE,Routine manual off-track shoulder ballast packing,6.4,28,47.1,0,0,2.0,OFF_TRACK_TAMPER,4,47.2,MEDIUM_PLANNED
TMS-DEF-0136,ENGINEERING_CIVIL,TMS,MSF,Chennai Fort,1.51,LINE_4_MAIN_UP,RAIL_CORRUGATION_WEAR,Severe rail corrugation and wheel burn marks,6.5,3,40.6,0,0,3.0,RAIL_GRINDING_MACHINE_RGM,6,38.5,MEDIUM_PLANNED
TMS-DEF-0137,ENGINEERING_CIVIL,TMS,MSC,Chetpet,6.55,LINE_1_SUBURBAN_DN,TRACK_GEOMETRY_BAD_TGI,Track Geometry Index (TGI) below 60 requiring tamping,8.3,7,38.1,0,0,4.0,CSM_09_32_TAMPER,6,41.7,MEDIUM_PLANNED
TMS-DEF-0138,ENGINEERING_CIVIL,TMS,PV,Pallavaram,22.51,LINE_4_MAIN_UP,IMR_ULTRASONIC_FLAW,Immediate Removal rail flaw detected by USFD trolley,11.7,12,31.9,15,1,3.0,MANUAL_WELDING_GANG,10,65.6,CRITICAL_EMERGENCY
TMS-DEF-0139,ENGINEERING_CIVIL,TMS,MPK,Chennai Park,3.02,LINE_3_MAIN_DN,SLEEPER_CRACK_FATIGUE,Prestressed concrete sleeper cracked under high axle load,10.2,4,31.5,0,0,2.5,SLEEPER_REPLACEMENT_TEAM,4,29.2,ROUTINE_CYCLE
TMS-DEF-0140,ENGINEERING_CIVIL,TMS,STM,St. Thomas Mount,17.68,LINE_4_MAIN_UP,SLEEPER_CRACK_FATIGUE,Prestressed concrete sleeper cracked under high axle load,10.2,35,48.2,50,1,2.5,SLEEPER_REPLACEMENT_TEAM,6,64.2,HIGH_PRIORITY
TMS-DEF-0141,ENGINEERING_CIVIL,TMS,MSF,Chennai Fort,1.99,LINE_2_SUBURBAN_UP,RAIL_FLANGE_LUBRICATION,Electronic track lubricator grease replenishment,11.1,32,27.8,0,0,1.0,MANUAL_MAINTENANCE_CREW,2,38.5,MEDIUM_PLANNED
TMS-DEF-0142,ENGINEERING_CIVIL,TMS,MMNK,Maraimalai Nagar,46.3,LINE_1_SUBURBAN_DN,RAIL_FLANGE_LUBRICATION,Electronic track lubricator grease replenishment,11.4,2,21.4,0,0,1.0,MANUAL_MAINTENANCE_CREW,1,11.4,ROUTINE_CYCLE
TMS-DEF-0143,ENGINEERING_CIVIL,TMS,POTI,Potheri,43.62,LINE_1_SUBURBAN_DN,IMR_ULTRASONIC_FLAW,Immediate Removal rail flaw detected by USFD trolley,5.5,6,19.9,20,1,3.0,MANUAL_WELDING_GANG,9,50.9,CRITICAL_EMERGENCY
TMS-DEF-0144,ENGINEERING_CIVIL,TMS,TLM,Tirusulam,20.65,LINE_4_MAIN_UP,BALLAST_PACKING_ROUTINE,Routine manual off-track shoulder ballast packing,11.1,3,24.1,0,0,2.0,OFF_TRACK_TAMPER,2,17.5,ROUTINE_CYCLE
TMS-DEF-0145,ENGINEERING_CIVIL,TMS,MPK,Chennai Park,3.25,LINE_4_MAIN_UP,BALLAST_PACKING_ROUTINE,Routine manual off-track shoulder ballast packing,11.1,3,34.9,0,0,2.0,OFF_TRACK_TAMPER,4,29.6,ROUTINE_CYCLE
TMS-DEF-0146,ENGINEERING_CIVIL,TMS,MSC,Chetpet,6.13,LINE_3_MAIN_DN,TURNOUT_STOCK_RAIL_WEAR,Tongue & stock rail wear at crossover points,4.5,0,18.3,0,0,3.5,PWAY_TURNOUT_CREW,7,35.9,MEDIUM_PLANNED
TMS-DEF-0147,ENGINEERING_CIVIL,TMS,GDY,Guindy,15.29,LINE_2_SUBURBAN_UP,RAIL_FRACTURE_RISK,Fishplate bolt hole crack / micro-fracture near heat zone,7.3,9,29.7,30,1,3.5,EMERGENCY_RAIL_REPLACEMENT,10,60.9,CRITICAL_EMERGENCY
TMS-DEF-0148,ENGINEERING_CIVIL,TMS,TLM,Tirusulam,21.52,LINE_4_MAIN_UP,BALLAST_DEFICIENCY,Deep screening & shoulder cleaning required,3.6,6,31.1,0,0,4.5,BALLAST_CLEANER_BCM,5,32.2,ROUTINE_CYCLE
TMS-DEF-0149,ENGINEERING_CIVIL,TMS,MS,Chennai Egmore,3.9,LINE_3_MAIN_DN,BALLAST_PACKING_ROUTINE,Routine manual off-track shoulder ballast packing,5.1,0,41.8,0,0,2.0,OFF_TRACK_TAMPER,2,15.9,ROUTINE_CYCLE
TMS-DEF-0150,ENGINEERING_CIVIL,TMS,GI,Guduvancheri,40.24,LINE_1_SUBURBAN_DN,BALLAST_PACKING_ROUTINE,Routine manual off-track shoulder ballast packing,13.9,3,44.5,0,0,2.0,OFF_TRACK_TAMPER,2,22.9,ROUTINE_CYCLE
TMS-DEF-0151,ENGINEERING_CIVIL,TMS,VDR,Vandalur,34.83,LINE_2_SUBURBAN_UP,WELD_COLLAR_FATIGUE,AT Weld visual defect exceeding permissible tolerance,9.9,23,30.0,30,1,2.5,AT_WELDING_CREW,8,62.0,HIGH_PRIORITY
TMS-DEF-0152,ENGINEERING_CIVIL,TMS,VDR,Vandalur,34.04,3RD_LINE_BIDIRECTIONAL,RAIL_FLANGE_LUBRICATION,Electronic track lubricator grease replenishment,11.1,2,22.7,0,0,1.0,MANUAL_MAINTENANCE_CREW,1,11.5,ROUTINE_CYCLE
TMS-DEF-0153,ENGINEERING_CIVIL,TMS,UPM,Urapakkam,37.73,LINE_2_SUBURBAN_UP,TURNOUT_STOCK_RAIL_WEAR,Tongue & stock rail wear at crossover points,1.0,1,30.4,0,0,3.5,PWAY_TURNOUT_CREW,6,32.3,ROUTINE_CYCLE
TMS-DEF-0154,ENGINEERING_CIVIL,TMS,MPK,Chennai Park,3.73,LINE_3_MAIN_DN,RAIL_CORRUGATION_WEAR,Severe rail corrugation and wheel burn marks,3.2,6,22.5,0,0,3.0,RAIL_GRINDING_MACHINE_RGM,6,35.3,MEDIUM_PLANNED
TMS-DEF-0155,ENGINEERING_CIVIL,TMS,PZA,Pazhavanthangal,18.8,LINE_3_MAIN_DN,TRACK_GEOMETRY_BAD_TGI,Track Geometry Index (TGI) below 60 requiring tamping,4.5,42,46.0,20,1,4.0,CSM_09_32_TAMPER,8,75.9,CRITICAL_EMERGENCY
TMS-DEF-0156,ENGINEERING_CIVIL,TMS,MMNK,Maraimalai Nagar,47.55,LINE_1_SUBURBAN_DN,TURNOUT_STOCK_RAIL_WEAR,Tongue & stock rail wear at crossover points,15.4,2,22.8,0,0,3.5,PWAY_TURNOUT_CREW,6,38.7,MEDIUM_PLANNED
TMS-DEF-0157,ENGINEERING_CIVIL,TMS,GI,Guduvancheri,40.77,LINE_2_SUBURBAN_UP,ROUTINE_FISHPLATE_GREASING,Periodic greasing of fishplates and checking torque bolts,6.2,11,44.9,0,0,1.5,MANUAL_GANG_TOOLS,1,19.8,ROUTINE_CYCLE
TMS-DEF-0158,ENGINEERING_CIVIL,TMS,SP,Saidapet,12.96,LINE_4_MAIN_UP,SLEEPER_CRACK_FATIGUE,Prestressed concrete sleeper cracked under high axle load,10.9,14,40.9,0,0,2.5,SLEEPER_REPLACEMENT_TEAM,6,48.4,MEDIUM_PLANNED
TMS-DEF-0159,ENGINEERING_CIVIL,TMS,MN,Meenambakkam,20.56,LINE_3_MAIN_DN,RAIL_FRACTURE_RISK,Fishplate bolt hole crack / micro-fracture near heat zone,11.0,2,34.0,30,1,3.5,EMERGENCY_RAIL_REPLACEMENT,10,58.7,CRITICAL_EMERGENCY
TMS-DEF-0160,ENGINEERING_CIVIL,TMS,MBM,Mambalam,11.53,LINE_4_MAIN_UP,BALLAST_DEFICIENCY,Deep screening & shoulder cleaning required,10.6,13,22.0,0,0,4.5,BALLAST_CLEANER_BCM,4,33.8,ROUTINE_CYCLE
TMS-DEF-0161,ENGINEERING_CIVIL,TMS,MSF,Chennai Fort,1.49,LINE_4_MAIN_UP,RAIL_FRACTURE_RISK,Fishplate bolt hole crack / micro-fracture near heat zone,2.0,4,48.2,20,1,3.5,EMERGENCY_RAIL_REPLACEMENT,9,53.4,CRITICAL_EMERGENCY
TMS-DEF-0162,ENGINEERING_CIVIL,TMS,PV,Pallavaram,22.94,LINE_4_MAIN_UP,BALLAST_PACKING_ROUTINE,Routine manual off-track shoulder ballast packing,12.0,10,23.3,0,0,2.0,OFF_TRACK_TAMPER,3,27.7,ROUTINE_CYCLE
TMS-DEF-0163,ENGINEERING_CIVIL,TMS,UPM,Urapakkam,36.86,LINE_2_SUBURBAN_UP,BALLAST_PACKING_ROUTINE,Routine manual off-track shoulder ballast packing,6.8,10,50.4,0,0,2.0,OFF_TRACK_TAMPER,2,25.5,ROUTINE_CYCLE
TMS-DEF-0164,ENGINEERING_CIVIL,TMS,POTI,Potheri,43.73,LINE_2_SUBURBAN_UP,TURNOUT_STOCK_RAIL_WEAR,Tongue & stock rail wear at crossover points,15.2,7,47.1,0,0,3.5,PWAY_TURNOUT_CREW,6,46.9,MEDIUM_PLANNED
TMS-DEF-0165,ENGINEERING_CIVIL,TMS,GI,Guduvancheri,40.2,3RD_LINE_BIDIRECTIONAL,SLEEPER_CRACK_FATIGUE,Prestressed concrete sleeper cracked under high axle load,1.4,0,27.4,0,0,2.5,SLEEPER_REPLACEMENT_TEAM,4,21.2,ROUTINE_CYCLE
TMS-DEF-0166,ENGINEERING_CIVIL,TMS,PV,Pallavaram,22.5,LINE_2_SUBURBAN_UP,RAIL_FLANGE_LUBRICATION,Electronic track lubricator grease replenishment,10.4,18,51.0,0,0,1.0,MANUAL_MAINTENANCE_CREW,1,28.0,ROUTINE_CYCLE
TMS-DEF-0167,ENGINEERING_CIVIL,TMS,CGL,Chengalpattu Junction,59.57,LINE_1_SUBURBAN_DN,BALLAST_PACKING_ROUTINE,Routine manual off-track shoulder ballast packing,3.7,3,46.2,0,0,2.0,OFF_TRACK_TAMPER,4,28.2,ROUTINE_CYCLE
TMS-DEF-0168,ENGINEERING_CIVIL,TMS,MKK,Kodambakkam,9.82,LINE_2_SUBURBAN_UP,SLEEPER_CRACK_FATIGUE,Prestressed concrete sleeper cracked under high axle load,12.5,2,44.8,0,0,2.5,SLEEPER_REPLACEMENT_TEAM,6,41.6,MEDIUM_PLANNED
TMS-DEF-0169,ENGINEERING_CIVIL,TMS,MSB,Chennai Beach,0.1,LINE_2_SUBURBAN_UP,TRACK_GEOMETRY_BAD_TGI,Track Geometry Index (TGI) below 60 requiring tamping,8.9,0,45.1,0,0,4.0,CSM_09_32_TAMPER,6,38.5,MEDIUM_PLANNED
TMS-DEF-0170,ENGINEERING_CIVIL,TMS,GI,Guduvancheri,41.0,LINE_1_SUBURBAN_DN,IMR_ULTRASONIC_FLAW,Immediate Removal rail flaw detected by USFD trolley,6.1,8,44.8,20,1,3.0,MANUAL_WELDING_GANG,10,62.6,CRITICAL_EMERGENCY
TMS-DEF-0171,ENGINEERING_CIVIL,TMS,MSB,Chennai Beach,0.1,LINE_1_SUBURBAN_DN,TRACK_GEOMETRY_BAD_TGI,Track Geometry Index (TGI) below 60 requiring tamping,12.0,11,35.9,30,1,4.0,CSM_09_32_TAMPER,8,55.9,HIGH_PRIORITY
TMS-DEF-0172,ENGINEERING_CIVIL,TMS,CMP,Chromepet,25.27,LINE_3_MAIN_DN,ROUTINE_FISHPLATE_GREASING,Periodic greasing of fishplates and checking torque bolts,9.7,0,33.4,0,0,1.5,MANUAL_GANG_TOOLS,1,11.5,ROUTINE_CYCLE
TMS-DEF-0173,ENGINEERING_CIVIL,TMS,VDR,Vandalur,33.71,3RD_LINE_BIDIRECTIONAL,ROUTINE_FISHPLATE_GREASING,Periodic greasing of fishplates and checking torque bolts,5.2,7,39.9,0,0,1.5,MANUAL_GANG_TOOLS,1,15.5,ROUTINE_CYCLE
TMS-DEF-0174,ENGINEERING_CIVIL,TMS,MSF,Chennai Fort,2.6,LINE_4_MAIN_UP,RAIL_CORRUGATION_WEAR,Severe rail corrugation and wheel burn marks,11.1,2,34.7,0,0,3.0,RAIL_GRINDING_MACHINE_RGM,5,33.9,ROUTINE_CYCLE
TMS-DEF-0175,ENGINEERING_CIVIL,TMS,MPK,Chennai Park,3.71,LINE_3_MAIN_DN,BALLAST_PACKING_ROUTINE,Routine manual off-track shoulder ballast packing,2.8,10,22.3,0,0,2.0,OFF_TRACK_TAMPER,4,27.9,ROUTINE_CYCLE
TMS-DEF-0176,ENGINEERING_CIVIL,TMS,UPM,Urapakkam,37.64,3RD_LINE_BIDIRECTIONAL,SLEEPER_CRACK_FATIGUE,Prestressed concrete sleeper cracked under high axle load,6.4,1,38.3,0,0,2.5,SLEEPER_REPLACEMENT_TEAM,5,31.6,ROUTINE_CYCLE
TMS-DEF-0177,ENGINEERING_CIVIL,TMS,PV,Pallavaram,23.16,LINE_4_MAIN_UP,RAIL_FRACTURE_RISK,Fishplate bolt hole crack / micro-fracture near heat zone,12.8,11,21.9,20,1,3.5,EMERGENCY_RAIL_REPLACEMENT,9,58.5,CRITICAL_EMERGENCY
TMS-DEF-0178,ENGINEERING_CIVIL,TMS,PV,Pallavaram,23.77,LINE_4_MAIN_UP,SLEEPER_CRACK_FATIGUE,Prestressed concrete sleeper cracked under high axle load,13.3,4,31.6,0,0,2.5,SLEEPER_REPLACEMENT_TEAM,6,40.8,MEDIUM_PLANNED
TMS-DEF-0179,ENGINEERING_CIVIL,TMS,MS,Chennai Egmore,4.02,LINE_3_MAIN_DN,RAIL_FLANGE_LUBRICATION,Electronic track lubricator grease replenishment,4.5,27,50.4,0,0,1.0,MANUAL_MAINTENANCE_CREW,4,46.2,MEDIUM_PLANNED
TMS-DEF-0180,ENGINEERING_CIVIL,TMS,CMP,Chromepet,24.66,LINE_1_SUBURBAN_DN,RAIL_FRACTURE_RISK,Fishplate bolt hole crack / micro-fracture near heat zone,7.2,1,43.3,15,1,3.5,EMERGENCY_RAIL_REPLACEMENT,10,58.0,CRITICAL_EMERGENCY
TMS-DEF-0181,ENGINEERING_CIVIL,TMS,TBM,Tambaram,28.44,LINE_3_MAIN_DN,RAIL_FLANGE_LUBRICATION,Electronic track lubricator grease replenishment,2.4,4,30.0,0,0,1.0,MANUAL_MAINTENANCE_CREW,3,20.0,ROUTINE_CYCLE
TMS-DEF-0182,ENGINEERING_CIVIL,TMS,SKL,Singaperumal Koil,51.36,3RD_LINE_BIDIRECTIONAL,IMR_ULTRASONIC_FLAW,Immediate Removal rail flaw detected by USFD trolley,15.5,1,38.4,15,1,3.0,MANUAL_WELDING_GANG,9,56.1,CRITICAL_EMERGENCY
TMS-DEF-0183,ENGINEERING_CIVIL,TMS,PRGL,Perungalathur,32.65,LINE_1_SUBURBAN_DN,RAIL_FLANGE_LUBRICATION,Electronic track lubricator grease replenishment,8.0,25,46.8,0,0,1.0,MANUAL_MAINTENANCE_CREW,2,35.9,MEDIUM_PLANNED
TMS-DEF-0184,ENGINEERING_CIVIL,TMS,TBM,Tambaram,28.93,LINE_3_MAIN_DN,BALLAST_PACKING_ROUTINE,Routine manual off-track shoulder ballast packing,4.0,20,32.6,0,0,2.0,OFF_TRACK_TAMPER,4,37.5,MEDIUM_PLANNED
TMS-DEF-0185,ENGINEERING_CIVIL,TMS,SKL,Singaperumal Koil,51.99,3RD_LINE_BIDIRECTIONAL,RAIL_FLANGE_LUBRICATION,Electronic track lubricator grease replenishment,10.5,2,18.9,0,0,1.0,MANUAL_MAINTENANCE_CREW,3,20.4,ROUTINE_CYCLE
TMS-DEF-0186,ENGINEERING_CIVIL,TMS,POTI,Potheri,43.57,LINE_1_SUBURBAN_DN,BALLAST_DEFICIENCY,Deep screening & shoulder cleaning required,11.4,10,28.5,0,0,4.5,BALLAST_CLEANER_BCM,5,38.4,MEDIUM_PLANNED
TMS-DEF-0187,ENGINEERING_CIVIL,TMS,PZA,Pazhavanthangal,17.96,LINE_2_SUBURBAN_UP,BALLAST_PACKING_ROUTINE,Routine manual off-track shoulder ballast packing,10.7,16,20.4,0,0,2.0,OFF_TRACK_TAMPER,4,35.6,MEDIUM_PLANNED
TMS-DEF-0188,ENGINEERING_CIVIL,TMS,UPM,Urapakkam,38.25,LINE_1_SUBURBAN_DN,ROUTINE_FISHPLATE_GREASING,Periodic greasing of fishplates and checking torque bolts,3.8,8,32.3,0,0,1.5,MANUAL_GANG_TOOLS,2,19.0,ROUTINE_CYCLE
TMS-DEF-0189,ENGINEERING_CIVIL,TMS,NBK,Nungambakkam,7.94,LINE_3_MAIN_DN,BALLAST_PACKING_ROUTINE,Routine manual off-track shoulder ballast packing,9.7,7,48.0,0,0,2.0,OFF_TRACK_TAMPER,2,24.4,ROUTINE_CYCLE
TMS-DEF-0190,ENGINEERING_CIVIL,TMS,NBK,Nungambakkam,8.56,LINE_1_SUBURBAN_DN,RAIL_FLANGE_LUBRICATION,Electronic track lubricator grease replenishment,1.8,2,33.1,0,0,1.0,MANUAL_MAINTENANCE_CREW,2,13.9,ROUTINE_CYCLE
TMS-DEF-0191,ENGINEERING_CIVIL,TMS,CMP,Chromepet,25.52,LINE_4_MAIN_UP,BALLAST_DEFICIENCY,Deep screening & shoulder cleaning required,3.8,0,35.4,0,0,4.5,BALLAST_CLEANER_BCM,5,29.0,ROUTINE_CYCLE
TMS-DEF-0192,ENGINEERING_CIVIL,TMS,TLM,Tirusulam,20.6,LINE_4_MAIN_UP,ROUTINE_FISHPLATE_GREASING,Periodic greasing of fishplates and checking torque bolts,10.8,22,19.5,0,0,1.5,MANUAL_GANG_TOOLS,2,29.7,ROUTINE_CYCLE
TMS-DEF-0193,ENGINEERING_CIVIL,TMS,VDR,Vandalur,33.73,LINE_1_SUBURBAN_DN,BALLAST_DEFICIENCY,Deep screening & shoulder cleaning required,15.2,23,44.1,0,0,4.5,BALLAST_CLEANER_BCM,5,52.5,MEDIUM_PLANNED
TMS-DEF-0194,ENGINEERING_CIVIL,TMS,GDY,Guindy,14.73,LINE_1_SUBURBAN_DN,TURNOUT_STOCK_RAIL_WEAR,Tongue & stock rail wear at crossover points,12.1,10,24.0,0,0,3.5,PWAY_TURNOUT_CREW,7,47.8,MEDIUM_PLANNED
TMS-DEF-0195,ENGINEERING_CIVIL,TMS,TBM,Tambaram,29.47,3RD_LINE_BIDIRECTIONAL,ROUTINE_FISHPLATE_GREASING,Periodic greasing of fishplates and checking torque bolts,13.4,4,45.4,0,0,1.5,MANUAL_GANG_TOOLS,1,18.6,ROUTINE_CYCLE
TMS-DEF-0196,ENGINEERING_CIVIL,TMS,MN,Meenambakkam,20.62,LINE_1_SUBURBAN_DN,RAIL_CORRUGATION_WEAR,Severe rail corrugation and wheel burn marks,0.8,4,49.3,0,0,3.0,RAIL_GRINDING_MACHINE_RGM,5,33.1,ROUTINE_CYCLE
TMS-DEF-0197,ENGINEERING_CIVIL,TMS,PRGL,Perungalathur,32.53,LINE_2_SUBURBAN_UP,RAIL_FLANGE_LUBRICATION,Electronic track lubricator grease replenishment,7.0,12,21.9,0,0,1.0,MANUAL_MAINTENANCE_CREW,1,16.3,ROUTINE_CYCLE
TMS-DEF-0198,ENGINEERING_CIVIL,TMS,STM,St. Thomas Mount,16.59,LINE_4_MAIN_UP,SLEEPER_CRACK_FATIGUE,Prestressed concrete sleeper cracked under high axle load,1.9,22,46.7,0,0,2.5,SLEEPER_REPLACEMENT_TEAM,4,40.7,MEDIUM_PLANNED
TMS-DEF-0199,ENGINEERING_CIVIL,TMS,TLM,Tirusulam,21.36,LINE_1_SUBURBAN_DN,RAIL_CORRUGATION_WEAR,Severe rail corrugation and wheel burn marks,14.0,21,43.4,0,0,3.0,RAIL_GRINDING_MACHINE_RGM,4,45.4,MEDIUM_PLANNED
TMS-DEF-0200,ENGINEERING_CIVIL,TMS,STM,St. Thomas Mount,17.57,LINE_1_SUBURBAN_DN,ROUTINE_FISHPLATE_GREASING,Periodic greasing of fishplates and checking torque bolts,10.3,15,36.0,0,0,1.5,MANUAL_GANG_TOOLS,1,22.9,ROUTINE_CYCLE
TMS-DEF-0201,ENGINEERING_CIVIL,TMS,SKL,Singaperumal Koil,51.24,3RD_LINE_BIDIRECTIONAL,RAIL_FLANGE_LUBRICATION,Electronic track lubricator grease replenishment,13.1,10,26.0,0,0,1.0,MANUAL_MAINTENANCE_CREW,1,18.8,ROUTINE_CYCLE
TMS-DEF-0202,ENGINEERING_CIVIL,TMS,SP,Saidapet,12.42,LINE_2_SUBURBAN_UP,RAIL_FLANGE_LUBRICATION,Electronic track lubricator grease replenishment,1.7,0,50.3,0,0,1.0,MANUAL_MAINTENANCE_CREW,3,20.9,ROUTINE_CYCLE
TMS-DEF-0203,ENGINEERING_CIVIL,TMS,CMP,Chromepet,25.29,LINE_4_MAIN_UP,RAIL_FLANGE_LUBRICATION,Electronic track lubricator grease replenishment,14.8,1,37.2,0,0,1.0,MANUAL_MAINTENANCE_CREW,3,25.5,ROUTINE_CYCLE
TMS-DEF-0204,ENGINEERING_CIVIL,TMS,VDR,Vandalur,34.16,3RD_LINE_BIDIRECTIONAL,SLEEPER_CRACK_FATIGUE,Prestressed concrete sleeper cracked under high axle load,2.8,22,20.3,0,0,2.5,SLEEPER_REPLACEMENT_TEAM,5,40.9,MEDIUM_PLANNED
TMS-DEF-0205,ENGINEERING_CIVIL,TMS,UPM,Urapakkam,37.18,LINE_2_SUBURBAN_UP,BALLAST_PACKING_ROUTINE,Routine manual off-track shoulder ballast packing,1.4,9,35.2,0,0,2.0,OFF_TRACK_TAMPER,3,24.0,ROUTINE_CYCLE
TMS-DEF-0206,ENGINEERING_CIVIL,TMS,PV,Pallavaram,23.07,LINE_1_SUBURBAN_DN,SLEEPER_CRACK_FATIGUE,Prestressed concrete sleeper cracked under high axle load,13.4,0,20.6,0,0,2.5,SLEEPER_REPLACEMENT_TEAM,4,25.8,ROUTINE_CYCLE
TMS-DEF-0207,ENGINEERING_CIVIL,TMS,VDR,Vandalur,34.59,LINE_2_SUBURBAN_UP,TURNOUT_STOCK_RAIL_WEAR,Tongue & stock rail wear at crossover points,9.5,1,50.4,0,0,3.5,PWAY_TURNOUT_CREW,8,50.5,MEDIUM_PLANNED
TMS-DEF-0208,ENGINEERING_CIVIL,TMS,MSF,Chennai Fort,1.72,LINE_2_SUBURBAN_UP,SLEEPER_CRACK_FATIGUE,Prestressed concrete sleeper cracked under high axle load,9.9,10,35.0,0,0,2.5,SLEEPER_REPLACEMENT_TEAM,4,34.0,ROUTINE_CYCLE
TMS-DEF-0209,ENGINEERING_CIVIL,TMS,PV,Pallavaram,22.52,LINE_3_MAIN_DN,RAIL_FRACTURE_RISK,Fishplate bolt hole crack / micro-fracture near heat zone,8.3,0,23.9,30,1,3.5,EMERGENCY_RAIL_REPLACEMENT,9,48.9,CRITICAL_EMERGENCY
TMS-DEF-0210,ENGINEERING_CIVIL,TMS,PV,Pallavaram,23.94,LINE_2_SUBURBAN_UP,SLEEPER_CRACK_FATIGUE,Prestressed concrete sleeper cracked under high axle load,6.3,1,27.6,0,0,2.5,SLEEPER_REPLACEMENT_TEAM,5,29.4,ROUTINE_CYCLE
TMS-DEF-0211,ENGINEERING_CIVIL,TMS,SKL,Singaperumal Koil,51.22,3RD_LINE_BIDIRECTIONAL,IMR_ULTRASONIC_FLAW,Immediate Removal rail flaw detected by USFD trolley,12.7,7,40.0,0,0,3.0,MANUAL_WELDING_GANG,8,54.2,MEDIUM_PLANNED
TMS-DEF-0212,ENGINEERING_CIVIL,TMS,STM,St. Thomas Mount,16.47,LINE_4_MAIN_UP,BALLAST_DEFICIENCY,Deep screening & shoulder cleaning required,4.4,11,47.0,0,0,4.5,BALLAST_CLEANER_BCM,6,44.3,MEDIUM_PLANNED
TMS-DEF-0213,ENGINEERING_CIVIL,TMS,MSC,Chetpet,6.29,LINE_2_SUBURBAN_UP,SLEEPER_CRACK_FATIGUE,Prestressed concrete sleeper cracked under high axle load,5.3,10,40.3,0,0,2.5,SLEEPER_REPLACEMENT_TEAM,6,42.7,MEDIUM_PLANNED
TMS-DEF-0214,ENGINEERING_CIVIL,TMS,MN,Meenambakkam,19.45,LINE_1_SUBURBAN_DN,BALLAST_DEFICIENCY,Deep screening & shoulder cleaning required,9.2,2,39.9,0,0,4.5,BALLAST_CLEANER_BCM,5,34.0,ROUTINE_CYCLE
TMS-DEF-0215,ENGINEERING_CIVIL,TMS,MSC,Chetpet,6.83,LINE_1_SUBURBAN_DN,RAIL_FLANGE_LUBRICATION,Electronic track lubricator grease replenishment,10.9,12,35.3,0,0,1.0,MANUAL_MAINTENANCE_CREW,1,20.9,ROUTINE_CYCLE
TMS-DEF-0216,ENGINEERING_CIVIL,TMS,PZA,Pazhavanthangal,18.44,LINE_2_SUBURBAN_UP,SLEEPER_CRACK_FATIGUE,Prestressed concrete sleeper cracked under high axle load,15.2,2,34.5,0,0,2.5,SLEEPER_REPLACEMENT_TEAM,4,30.9,ROUTINE_CYCLE
TMS-DEF-0217,ENGINEERING_CIVIL,TMS,MSC,Chetpet,6.01,LINE_3_MAIN_DN,RAIL_FRACTURE_RISK,Fishplate bolt hole crack / micro-fracture near heat zone,8.4,3,36.4,30,1,3.5,EMERGENCY_RAIL_REPLACEMENT,9,53.6,CRITICAL_EMERGENCY
TMS-DEF-0218,ENGINEERING_CIVIL,TMS,STM,St. Thomas Mount,17.72,LINE_2_SUBURBAN_UP,BALLAST_PACKING_ROUTINE,Routine manual off-track shoulder ballast packing,6.3,13,23.5,0,0,2.0,OFF_TRACK_TAMPER,4,32.0,ROUTINE_CYCLE
TMS-DEF-0219,ENGINEERING_CIVIL,TMS,SKL,Singaperumal Koil,51.68,LINE_1_SUBURBAN_DN,TURNOUT_STOCK_RAIL_WEAR,Tongue & stock rail wear at crossover points,1.2,10,30.4,0,0,3.5,PWAY_TURNOUT_CREW,8,48.7,MEDIUM_PLANNED
TMS-DEF-0220,ENGINEERING_CIVIL,TMS,MBM,Mambalam,12.04,LINE_3_MAIN_DN,TURNOUT_STOCK_RAIL_WEAR,Tongue & stock rail wear at crossover points,4.1,18,26.1,0,0,3.5,PWAY_TURNOUT_CREW,7,49.9,MEDIUM_PLANNED
TMS-DEF-0221,ENGINEERING_CIVIL,TMS,MKK,Kodambakkam,9.47,LINE_4_MAIN_UP,TURNOUT_STOCK_RAIL_WEAR,Tongue & stock rail wear at crossover points,12.4,10,44.5,50,1,3.5,PWAY_TURNOUT_CREW,8,57.1,HIGH_PRIORITY
TMS-DEF-0222,ENGINEERING_CIVIL,TMS,TLM,Tirusulam,21.97,LINE_2_SUBURBAN_UP,BALLAST_PACKING_ROUTINE,Routine manual off-track shoulder ballast packing,2.6,8,26.5,0,0,2.0,OFF_TRACK_TAMPER,4,27.2,ROUTINE_CYCLE
TMS-DEF-0223,ENGINEERING_CIVIL,TMS,CMP,Chromepet,25.95,LINE_1_SUBURBAN_DN,ROUTINE_FISHPLATE_GREASING,Periodic greasing of fishplates and checking torque bolts,13.7,0,27.7,0,0,1.5,MANUAL_GANG_TOOLS,1,12.4,ROUTINE_CYCLE
TMS-DEF-0224,ENGINEERING_CIVIL,TMS,SP,Saidapet,12.82,LINE_2_SUBURBAN_UP,RAIL_CORRUGATION_WEAR,Severe rail corrugation and wheel burn marks,1.9,4,49.0,0,0,3.0,RAIL_GRINDING_MACHINE_RGM,5,33.6,ROUTINE_CYCLE
TMS-DEF-0225,ENGINEERING_CIVIL,TMS,PZA,Pazhavanthangal,19.44,LINE_4_MAIN_UP,IMR_ULTRASONIC_FLAW,Immediate Removal rail flaw detected by USFD trolley,6.6,3,30.7,15,1,3.0,MANUAL_WELDING_GANG,9,51.5,CRITICAL_EMERGENCY
TMS-DEF-0226,ENGINEERING_CIVIL,TMS,PZA,Pazhavanthangal,18.31,LINE_3_MAIN_DN,RAIL_FRACTURE_RISK,Fishplate bolt hole crack / micro-fracture near heat zone,13.5,2,40.1,15,1,3.5,EMERGENCY_RAIL_REPLACEMENT,9,56.2,CRITICAL_EMERGENCY
TMS-DEF-0227,ENGINEERING_CIVIL,TMS,MSF,Chennai Fort,1.46,LINE_4_MAIN_UP,TRACK_GEOMETRY_BAD_TGI,Track Geometry Index (TGI) below 60 requiring tamping,12.3,36,33.9,15,1,4.0,CSM_09_32_TAMPER,9,78.1,CRITICAL_EMERGENCY
TMS-DEF-0228,ENGINEERING_CIVIL,TMS,MPK,Chennai Park,2.3,LINE_2_SUBURBAN_UP,TRACK_GEOMETRY_BAD_TGI,Track Geometry Index (TGI) below 60 requiring tamping,9.0,4,42.7,0,0,4.0,CSM_09_32_TAMPER,8,50.8,MEDIUM_PLANNED
TMS-DEF-0229,ENGINEERING_CIVIL,TMS,TLM,Tirusulam,20.6,LINE_3_MAIN_DN,WELD_COLLAR_FATIGUE,AT Weld visual defect exceeding permissible tolerance,5.2,22,19.6,0,0,2.5,AT_WELDING_CREW,7,51.9,MEDIUM_PLANNED
TMS-DEF-0230,ENGINEERING_CIVIL,TMS,UPM,Urapakkam,37.97,LINE_2_SUBURBAN_UP,RAIL_FRACTURE_RISK,Fishplate bolt hole crack / micro-fracture near heat zone,2.2,9,48.8,30,1,3.5,EMERGENCY_RAIL_REPLACEMENT,9,57.2,CRITICAL_EMERGENCY
TMS-DEF-0231,ENGINEERING_CIVIL,TMS,TBMS,Tambaram Sanatorium,27.48,LINE_2_SUBURBAN_UP,BALLAST_DEFICIENCY,Deep screening & shoulder cleaning required,7.2,15,38.9,0,0,4.5,BALLAST_CLEANER_BCM,4,36.9,MEDIUM_PLANNED
TMS-DEF-0232,ENGINEERING_CIVIL,TMS,PRGL,Perungalathur,32.51,3RD_LINE_BIDIRECTIONAL,RAIL_FLANGE_LUBRICATION,Electronic track lubricator grease replenishment,1.8,6,51.1,0,0,1.0,MANUAL_MAINTENANCE_CREW,1,15.3,ROUTINE_CYCLE
TMS-DEF-0233,ENGINEERING_CIVIL,TMS,TBMS,Tambaram Sanatorium,27.43,LINE_1_SUBURBAN_DN,RAIL_CORRUGATION_WEAR,Severe rail corrugation and wheel burn marks,14.0,8,19.5,0,0,3.0,RAIL_GRINDING_MACHINE_RGM,5,36.5,MEDIUM_PLANNED
TMS-DEF-0234,ENGINEERING_CIVIL,TMS,PZA,Pazhavanthangal,18.36,LINE_1_SUBURBAN_DN,SLEEPER_CRACK_FATIGUE,Prestressed concrete sleeper cracked under high axle load,12.7,6,29.7,0,0,2.5,SLEEPER_REPLACEMENT_TEAM,6,41.5,MEDIUM_PLANNED
TMS-DEF-0235,ENGINEERING_CIVIL,TMS,GI,Guduvancheri,40.62,3RD_LINE_BIDIRECTIONAL,SLEEPER_CRACK_FATIGUE,Prestressed concrete sleeper cracked under high axle load,2.6,2,30.0,0,0,2.5,SLEEPER_REPLACEMENT_TEAM,5,28.7,ROUTINE_CYCLE
TMS-DEF-0236,ENGINEERING_CIVIL,TMS,UPM,Urapakkam,36.98,3RD_LINE_BIDIRECTIONAL,TURNOUT_STOCK_RAIL_WEAR,Tongue & stock rail wear at crossover points,15.7,12,34.3,0,0,3.5,PWAY_TURNOUT_CREW,6,48.1,MEDIUM_PLANNED
TMS-DEF-0237,ENGINEERING_CIVIL,TMS,CGL,Chengalpattu Junction,59.26,3RD_LINE_BIDIRECTIONAL,TURNOUT_STOCK_RAIL_WEAR,Tongue & stock rail wear at crossover points,1.1,3,24.9,0,0,3.5,PWAY_TURNOUT_CREW,6,32.6,ROUTINE_CYCLE
TMS-DEF-0238,ENGINEERING_CIVIL,TMS,MSF,Chennai Fort,1.5,LINE_3_MAIN_DN,ROUTINE_FISHPLATE_GREASING,Periodic greasing of fishplates and checking torque bolts,6.7,0,45.7,0,0,1.5,MANUAL_GANG_TOOLS,2,17.5,ROUTINE_CYCLE
TMS-DEF-0239,ENGINEERING_CIVIL,TMS,SP,Saidapet,12.16,LINE_2_SUBURBAN_UP,BALLAST_DEFICIENCY,Deep screening & shoulder cleaning required,6.0,10,44.5,0,0,4.5,BALLAST_CLEANER_BCM,6,43.9,MEDIUM_PLANNED
TMS-DEF-0240,ENGINEERING_CIVIL,TMS,STM,St. Thomas Mount,16.76,LINE_3_MAIN_DN,RAIL_CORRUGATION_WEAR,Severe rail corrugation and wheel burn marks,14.3,1,43.3,0,0,3.0,RAIL_GRINDING_MACHINE_RGM,5,36.5,MEDIUM_PLANNED
TMS-DEF-0241,ENGINEERING_CIVIL,TMS,STM,St. Thomas Mount,17.88,LINE_4_MAIN_UP,TURNOUT_STOCK_RAIL_WEAR,Tongue & stock rail wear at crossover points,6.2,28,45.1,30,1,3.5,PWAY_TURNOUT_CREW,8,66.7,HIGH_PRIORITY
TMS-DEF-0242,ENGINEERING_CIVIL,TMS,MMNK,Maraimalai Nagar,46.84,LINE_2_SUBURBAN_UP,BALLAST_PACKING_ROUTINE,Routine manual off-track shoulder ballast packing,15.9,30,24.1,0,0,2.0,OFF_TRACK_TAMPER,4,48.8,MEDIUM_PLANNED
TMS-DEF-0243,ENGINEERING_CIVIL,TMS,STM,St. Thomas Mount,16.48,LINE_3_MAIN_DN,RAIL_FLANGE_LUBRICATION,Electronic track lubricator grease replenishment,5.1,24,33.2,0,0,1.0,MANUAL_MAINTENANCE_CREW,3,36.0,MEDIUM_PLANNED
TMS-DEF-0244,ENGINEERING_CIVIL,TMS,TLM,Tirusulam,20.69,LINE_4_MAIN_UP,SLEEPER_CRACK_FATIGUE,Prestressed concrete sleeper cracked under high axle load,7.4,4,42.7,0,0,2.5,SLEEPER_REPLACEMENT_TEAM,5,35.0,MEDIUM_PLANNED
TMS-DEF-0245,ENGINEERING_CIVIL,TMS,VDR,Vandalur,35.24,LINE_2_SUBURBAN_UP,RAIL_FLANGE_LUBRICATION,Electronic track lubricator grease replenishment,15.7,0,50.2,0,0,1.0,MANUAL_MAINTENANCE_CREW,1,17.9,ROUTINE_CYCLE
TMS-DEF-0246,ENGINEERING_CIVIL,TMS,GI,Guduvancheri,40.63,LINE_2_SUBURBAN_UP,ROUTINE_FISHPLATE_GREASING,Periodic greasing of fishplates and checking torque bolts,12.9,26,41.1,0,0,1.5,MANUAL_GANG_TOOLS,2,37.9,MEDIUM_PLANNED
TMS-DEF-0247,ENGINEERING_CIVIL,TMS,MSC,Chetpet,7.12,LINE_4_MAIN_UP,IMR_ULTRASONIC_FLAW,Immediate Removal rail flaw detected by USFD trolley,2.5,5,26.0,20,1,3.0,MANUAL_WELDING_GANG,10,55.0,CRITICAL_EMERGENCY
TMS-DEF-0248,ENGINEERING_CIVIL,TMS,PZA,Pazhavanthangal,18.56,LINE_1_SUBURBAN_DN,BALLAST_PACKING_ROUTINE,Routine manual off-track shoulder ballast packing,2.9,34,33.3,0,0,2.0,OFF_TRACK_TAMPER,4,46.9,MEDIUM_PLANNED
TMS-DEF-0249,ENGINEERING_CIVIL,TMS,PZA,Pazhavanthangal,18.66,LINE_1_SUBURBAN_DN,BALLAST_PACKING_ROUTINE,Routine manual off-track shoulder ballast packing,2.6,33,30.5,0,0,2.0,OFF_TRACK_TAMPER,4,45.5,MEDIUM_PLANNED
TMS-DEF-0250,ENGINEERING_CIVIL,TMS,UPM,Urapakkam,37.15,LINE_1_SUBURBAN_DN,IMR_ULTRASONIC_FLAW,Immediate Removal rail flaw detected by USFD trolley,11.9,19,35.0,30,1,3.0,MANUAL_WELDING_GANG,9,66.2,CRITICAL_EMERGENCY
TMS-DEF-0251,ENGINEERING_CIVIL,TMS,MS,Chennai Egmore,3.94,LINE_3_MAIN_DN,TURNOUT_STOCK_RAIL_WEAR,Tongue & stock rail wear at crossover points,3.8,3,38.8,0,0,3.5,PWAY_TURNOUT_CREW,8,46.8,MEDIUM_PLANNED
TMS-DEF-0252,ENGINEERING_CIVIL,TMS,CMP,Chromepet,24.87,LINE_2_SUBURBAN_UP,RAIL_FRACTURE_RISK,Fishplate bolt hole crack / micro-fracture near heat zone,7.5,4,48.6,15,1,3.5,EMERGENCY_RAIL_REPLACEMENT,10,61.3,CRITICAL_EMERGENCY
TMS-DEF-0253,ENGINEERING_CIVIL,TMS,CGL,Chengalpattu Junction,59.7,LINE_2_SUBURBAN_UP,RAIL_FLANGE_LUBRICATION,Electronic track lubricator grease replenishment,5.9,19,20.2,0,0,1.0,MANUAL_MAINTENANCE_CREW,3,30.3,ROUTINE_CYCLE
TMS-DEF-0254,ENGINEERING_CIVIL,TMS,GDY,Guindy,15.64,LINE_2_SUBURBAN_UP,RAIL_FLANGE_LUBRICATION,Electronic track lubricator grease replenishment,3.2,3,30.3,0,0,1.0,MANUAL_MAINTENANCE_CREW,1,9.8,ROUTINE_CYCLE
TMS-DEF-0255,ENGINEERING_CIVIL,TMS,MS,Chennai Egmore,5.1,LINE_2_SUBURBAN_UP,WELD_COLLAR_FATIGUE,AT Weld visual defect exceeding permissible tolerance,12.8,1,18.9,0,0,2.5,AT_WELDING_CREW,8,45.9,MEDIUM_PLANNED
TMS-DEF-0256,ENGINEERING_CIVIL,TMS,PRGL,Perungalathur,32.43,3RD_LINE_BIDIRECTIONAL,TRACK_GEOMETRY_BAD_TGI,Track Geometry Index (TGI) below 60 requiring tamping,10.0,8,20.9,0,0,4.0,CSM_09_32_TAMPER,7,44.8,MEDIUM_PLANNED
TMS-DEF-0257,ENGINEERING_CIVIL,TMS,MN,Meenambakkam,20.84,LINE_4_MAIN_UP,ROUTINE_FISHPLATE_GREASING,Periodic greasing of fishplates and checking torque bolts,6.9,27,31.9,0,0,1.5,MANUAL_GANG_TOOLS,4,43.7,MEDIUM_PLANNED
TMS-DEF-0258,ENGINEERING_CIVIL,TMS,MPK,Chennai Park,2.47,LINE_3_MAIN_DN,RAIL_FLANGE_LUBRICATION,Electronic track lubricator grease replenishment,1.6,11,33.8,0,0,1.0,MANUAL_MAINTENANCE_CREW,3,25.3,ROUTINE_CYCLE
TMS-DEF-0259,ENGINEERING_CIVIL,TMS,PZA,Pazhavanthangal,18.16,LINE_2_SUBURBAN_UP,TRACK_GEOMETRY_BAD_TGI,Track Geometry Index (TGI) below 60 requiring tamping,7.2,8,49.0,0,0,4.0,CSM_09_32_TAMPER,6,44.0,MEDIUM_PLANNED
TMS-DEF-0260,ENGINEERING_CIVIL,TMS,MS,Chennai Egmore,4.35,LINE_3_MAIN_DN,TRACK_GEOMETRY_BAD_TGI,Track Geometry Index (TGI) below 60 requiring tamping,3.0,1,49.8,0,0,4.0,CSM_09_32_TAMPER,6,37.2,MEDIUM_PLANNED
TMS-DEF-0261,ENGINEERING_CIVIL,TMS,PZA,Pazhavanthangal,19.47,LINE_3_MAIN_DN,RAIL_FRACTURE_RISK,Fishplate bolt hole crack / micro-fracture near heat zone,4.4,9,39.6,15,1,3.5,EMERGENCY_RAIL_REPLACEMENT,10,61.4,CRITICAL_EMERGENCY
TMS-DEF-0262,ENGINEERING_CIVIL,TMS,UPM,Urapakkam,37.18,3RD_LINE_BIDIRECTIONAL,RAIL_FRACTURE_RISK,Fishplate bolt hole crack / micro-fracture near heat zone,8.3,46,23.7,15,1,3.5,EMERGENCY_RAIL_REPLACEMENT,10,86.1,CRITICAL_EMERGENCY
TMS-DEF-0263,ENGINEERING_CIVIL,TMS,GI,Guduvancheri,40.61,3RD_LINE_BIDIRECTIONAL,SLEEPER_CRACK_FATIGUE,Prestressed concrete sleeper cracked under high axle load,13.6,1,37.2,0,0,2.5,SLEEPER_REPLACEMENT_TEAM,4,29.9,ROUTINE_CYCLE
TMS-DEF-0264,ENGINEERING_CIVIL,TMS,MPK,Chennai Park,2.34,LINE_3_MAIN_DN,RAIL_FLANGE_LUBRICATION,Electronic track lubricator grease replenishment,3.8,7,37.5,0,0,1.0,MANUAL_MAINTENANCE_CREW,3,24.3,ROUTINE_CYCLE
TMS-DEF-0265,ENGINEERING_CIVIL,TMS,UPM,Urapakkam,36.75,3RD_LINE_BIDIRECTIONAL,ROUTINE_FISHPLATE_GREASING,Periodic greasing of fishplates and checking torque bolts,5.0,20,50.5,0,0,1.5,MANUAL_GANG_TOOLS,2,31.6,ROUTINE_CYCLE
TMS-DEF-0266,ENGINEERING_CIVIL,TMS,MBM,Mambalam,11.78,LINE_4_MAIN_UP,BALLAST_DEFICIENCY,Deep screening & shoulder cleaning required,7.5,13,41.4,0,0,4.5,BALLAST_CLEANER_BCM,4,36.1,MEDIUM_PLANNED
TMS-DEF-0267,ENGINEERING_CIVIL,TMS,PV,Pallavaram,23.01,LINE_4_MAIN_UP,WELD_COLLAR_FATIGUE,AT Weld visual defect exceeding permissible tolerance,5.8,11,22.9,0,0,2.5,AT_WELDING_CREW,8,50.2,MEDIUM_PLANNED
TMS-DEF-0268,ENGINEERING_CIVIL,TMS,STM,St. Thomas Mount,17.49,LINE_3_MAIN_DN,RAIL_CORRUGATION_WEAR,Severe rail corrugation and wheel burn marks,2.5,12,30.6,0,0,3.0,RAIL_GRINDING_MACHINE_RGM,6,40.8,MEDIUM_PLANNED
TMS-DEF-0269,ENGINEERING_CIVIL,TMS,MS,Chennai Egmore,4.03,LINE_4_MAIN_UP,RAIL_FRACTURE_RISK,Fishplate bolt hole crack / micro-fracture near heat zone,4.6,4,26.4,15,1,3.5,EMERGENCY_RAIL_REPLACEMENT,9,50.4,CRITICAL_EMERGENCY
TMS-DEF-0270,ENGINEERING_CIVIL,TMS,GDY,Guindy,15.72,LINE_4_MAIN_UP,WELD_COLLAR_FATIGUE,AT Weld visual defect exceeding permissible tolerance,15.4,3,48.7,0,0,2.5,AT_WELDING_CREW,7,49.5,MEDIUM_PLANNED
TMS-DEF-0271,ENGINEERING_CIVIL,TMS,PRGL,Perungalathur,32.99,LINE_1_SUBURBAN_DN,TRACK_GEOMETRY_BAD_TGI,Track Geometry Index (TGI) below 60 requiring tamping,8.2,16,35.5,0,0,4.0,CSM_09_32_TAMPER,7,52.4,MEDIUM_PLANNED
TMS-DEF-0272,ENGINEERING_CIVIL,TMS,GDY,Guindy,15.01,LINE_1_SUBURBAN_DN,RAIL_CORRUGATION_WEAR,Severe rail corrugation and wheel burn marks,8.3,16,50.9,0,0,3.0,RAIL_GRINDING_MACHINE_RGM,4,40.5,MEDIUM_PLANNED
TMS-DEF-0273,ENGINEERING_CIVIL,TMS,PRGL,Perungalathur,32.4,LINE_1_SUBURBAN_DN,BALLAST_DEFICIENCY,Deep screening & shoulder cleaning required,8.2,20,48.0,0,0,4.5,BALLAST_CLEANER_BCM,6,52.7,MEDIUM_PLANNED
TMS-DEF-0274,ENGINEERING_CIVIL,TMS,GI,Guduvancheri,40.36,3RD_LINE_BIDIRECTIONAL,IMR_ULTRASONIC_FLAW,Immediate Removal rail flaw detected by USFD trolley,13.6,24,32.7,30,1,3.0,MANUAL_WELDING_GANG,9,70.1,CRITICAL_EMERGENCY
TMS-DEF-0275,ENGINEERING_CIVIL,TMS,PZA,Pazhavanthangal,19.17,LINE_3_MAIN_DN,IMR_ULTRASONIC_FLAW,Immediate Removal rail flaw detected by USFD trolley,6.7,7,37.4,0,0,3.0,MANUAL_WELDING_GANG,8,50.7,MEDIUM_PLANNED
TMS-DEF-0276,ENGINEERING_CIVIL,TMS,PZA,Pazhavanthangal,18.84,LINE_1_SUBURBAN_DN,RAIL_CORRUGATION_WEAR,Severe rail corrugation and wheel burn marks,8.3,6,44.0,0,0,3.0,RAIL_GRINDING_MACHINE_RGM,5,37.1,MEDIUM_PLANNED
TMS-DEF-0277,ENGINEERING_CIVIL,TMS,VDR,Vandalur,34.73,LINE_1_SUBURBAN_DN,TRACK_GEOMETRY_BAD_TGI,Track Geometry Index (TGI) below 60 requiring tamping,15.6,16,31.4,50,1,4.0,CSM_09_32_TAMPER,7,55.3,HIGH_PRIORITY
TMS-DEF-0278,ENGINEERING_CIVIL,TMS,PZA,Pazhavanthangal,19.16,LINE_2_SUBURBAN_UP,BALLAST_PACKING_ROUTINE,Routine manual off-track shoulder ballast packing,8.4,10,35.0,0,0,2.0,OFF_TRACK_TAMPER,2,23.2,ROUTINE_CYCLE
TMS-DEF-0279,ENGINEERING_CIVIL,TMS,MSF,Chennai Fort,1.22,LINE_3_MAIN_DN,TURNOUT_STOCK_RAIL_WEAR,Tongue & stock rail wear at crossover points,8.5,12,23.1,0,0,3.5,PWAY_TURNOUT_CREW,8,52.3,MEDIUM_PLANNED
TMS-DEF-0280,ENGINEERING_CIVIL,TMS,MSC,Chetpet,6.28,LINE_3_MAIN_DN,TRACK_GEOMETRY_BAD_TGI,Track Geometry Index (TGI) below 60 requiring tamping,6.6,15,39.0,0,0,4.0,CSM_09_32_TAMPER,7,51.6,MEDIUM_PLANNED
TMS-DEF-0281,ENGINEERING_CIVIL,TMS,PRGL,Perungalathur,32.38,3RD_LINE_BIDIRECTIONAL,ROUTINE_FISHPLATE_GREASING,Periodic greasing of fishplates and checking torque bolts,8.1,22,37.1,0,0,1.5,MANUAL_GANG_TOOLS,2,31.9,ROUTINE_CYCLE
TMS-DEF-0282,ENGINEERING_CIVIL,TMS,MSB,Chennai Beach,0.1,LINE_1_SUBURBAN_DN,RAIL_CORRUGATION_WEAR,Severe rail corrugation and wheel burn marks,9.5,4,45.1,0,0,3.0,RAIL_GRINDING_MACHINE_RGM,6,41.6,MEDIUM_PLANNED
TMS-DEF-0283,ENGINEERING_CIVIL,TMS,POTI,Potheri,44.15,3RD_LINE_BIDIRECTIONAL,TURNOUT_STOCK_RAIL_WEAR,Tongue & stock rail wear at crossover points,4.6,4,40.3,0,0,3.5,PWAY_TURNOUT_CREW,8,48.2,MEDIUM_PLANNED
TMS-DEF-0284,ENGINEERING_CIVIL,TMS,PRGL,Perungalathur,32.2,LINE_1_SUBURBAN_DN,BALLAST_PACKING_ROUTINE,Routine manual off-track shoulder ballast packing,7.9,0,35.8,0,0,2.0,OFF_TRACK_TAMPER,4,26.1,ROUTINE_CYCLE
TMS-DEF-0285,ENGINEERING_CIVIL,TMS,VDR,Vandalur,34.88,LINE_2_SUBURBAN_UP,TRACK_GEOMETRY_BAD_TGI,Track Geometry Index (TGI) below 60 requiring tamping,13.2,8,26.2,0,0,4.0,CSM_09_32_TAMPER,8,52.4,MEDIUM_PLANNED
TMS-DEF-0286,ENGINEERING_CIVIL,TMS,POTI,Potheri,43.32,LINE_1_SUBURBAN_DN,TURNOUT_STOCK_RAIL_WEAR,Tongue & stock rail wear at crossover points,5.4,0,23.1,0,0,3.5,PWAY_TURNOUT_CREW,8,42.3,MEDIUM_PLANNED
TMS-DEF-0287,ENGINEERING_CIVIL,TMS,MKK,Kodambakkam,9.54,LINE_4_MAIN_UP,IMR_ULTRASONIC_FLAW,Immediate Removal rail flaw detected by USFD trolley,11.4,6,35.6,20,1,3.0,MANUAL_WELDING_GANG,10,62.0,CRITICAL_EMERGENCY
TMS-DEF-0288,ENGINEERING_CIVIL,TMS,GI,Guduvancheri,40.38,LINE_2_SUBURBAN_UP,SLEEPER_CRACK_FATIGUE,Prestressed concrete sleeper cracked under high axle load,15.3,7,33.6,0,0,2.5,SLEEPER_REPLACEMENT_TEAM,6,44.3,MEDIUM_PLANNED
TMS-DEF-0289,ENGINEERING_CIVIL,TMS,STM,St. Thomas Mount,17.19,LINE_3_MAIN_DN,BALLAST_PACKING_ROUTINE,Routine manual off-track shoulder ballast packing,8.0,3,50.5,0,0,2.0,OFF_TRACK_TAMPER,3,26.2,ROUTINE_CYCLE
TMS-DEF-0290,ENGINEERING_CIVIL,TMS,TBM,Tambaram,28.82,LINE_3_MAIN_DN,BALLAST_DEFICIENCY,Deep screening & shoulder cleaning required,11.4,8,41.5,0,0,4.5,BALLAST_CLEANER_BCM,5,39.6,MEDIUM_PLANNED
TMS-DEF-0291,ENGINEERING_CIVIL,TMS,STM,St. Thomas Mount,17.09,LINE_3_MAIN_DN,BALLAST_DEFICIENCY,Deep screening & shoulder cleaning required,2.4,0,41.0,0,0,4.5,BALLAST_CLEANER_BCM,5,29.4,ROUTINE_CYCLE
TMS-DEF-0292,ENGINEERING_CIVIL,TMS,MN,Meenambakkam,20.55,LINE_2_SUBURBAN_UP,BALLAST_DEFICIENCY,Deep screening & shoulder cleaning required,1.2,0,50.5,0,0,4.5,BALLAST_CLEANER_BCM,4,25.7,ROUTINE_CYCLE
TMS-DEF-0293,ENGINEERING_CIVIL,TMS,PZA,Pazhavanthangal,19.43,LINE_3_MAIN_DN,TURNOUT_STOCK_RAIL_WEAR,Tongue & stock rail wear at crossover points,3.8,17,46.2,0,0,3.5,PWAY_TURNOUT_CREW,7,53.0,MEDIUM_PLANNED
TMS-DEF-0294,ENGINEERING_CIVIL,TMS,TBM,Tambaram,29.45,LINE_1_SUBURBAN_DN,RAIL_FRACTURE_RISK,Fishplate bolt hole crack / micro-fracture near heat zone,10.0,4,38.0,15,1,3.5,EMERGENCY_RAIL_REPLACEMENT,9,55.4,CRITICAL_EMERGENCY
TMS-DEF-0295,ENGINEERING_CIVIL,TMS,GI,Guduvancheri,41.06,LINE_1_SUBURBAN_DN,RAIL_FLANGE_LUBRICATION,Electronic track lubricator grease replenishment,4.1,1,21.4,0,0,1.0,MANUAL_MAINTENANCE_CREW,2,12.0,ROUTINE_CYCLE
TMS-DEF-0296,ENGINEERING_CIVIL,TMS,POTI,Potheri,43.9,3RD_LINE_BIDIRECTIONAL,TRACK_GEOMETRY_BAD_TGI,Track Geometry Index (TGI) below 60 requiring tamping,0.6,7,36.7,0,0,4.0,CSM_09_32_TAMPER,6,37.5,MEDIUM_PLANNED
TMS-DEF-0297,ENGINEERING_CIVIL,TMS,TLM,Tirusulam,21.46,LINE_4_MAIN_UP,TURNOUT_STOCK_RAIL_WEAR,Tongue & stock rail wear at crossover points,10.6,14,43.7,0,0,3.5,PWAY_TURNOUT_CREW,7,53.8,MEDIUM_PLANNED
TMS-DEF-0298,ENGINEERING_CIVIL,TMS,STM,St. Thomas Mount,16.78,LINE_1_SUBURBAN_DN,RAIL_FRACTURE_RISK,Fishplate bolt hole crack / micro-fracture near heat zone,10.6,2,25.9,15,1,3.5,EMERGENCY_RAIL_REPLACEMENT,9,51.9,CRITICAL_EMERGENCY
TMS-DEF-0299,ENGINEERING_CIVIL,TMS,TLM,Tirusulam,21.83,LINE_2_SUBURBAN_UP,IMR_ULTRASONIC_FLAW,Immediate Removal rail flaw detected by USFD trolley,16.0,9,31.5,15,1,3.0,MANUAL_WELDING_GANG,9,60.6,CRITICAL_EMERGENCY
TMS-DEF-0300,ENGINEERING_CIVIL,TMS,MMNK,Maraimalai Nagar,47.7,LINE_2_SUBURBAN_UP,IMR_ULTRASONIC_FLAW,Immediate Removal rail flaw detected by USFD trolley,0.6,0,37.3,0,0,3.0,MANUAL_WELDING_GANG,8,42.8,MEDIUM_PLANNED
